exact_id,fuel_id,start_time,stop_time,avg_temp,fuel_type,hhid,duration_min,event_id,is_valid,date
93,43,2025-11-07 11:25:25,2025-11-07 11:48:25,49.3825,pellet,202,23.0,289,1,2025-11-07
262,136,2025-11-10 12:52:23,2025-11-10 17:19:23,50.80783582089552,charcoal,386,267.0,893,1,2025-11-10
206,98,2025-11-10 13:40:38,2025-11-10 15:27:38,53.90222222222222,charcoal,10387,107.0,581,0,2025-11-10
212,101,2025-11-10 15:39:15,2025-11-10 23:14:15,62.343333333333334,charcoal,10386,455.0,653,1,2025-11-10
215,102,2025-11-10 16:16:05,2025-11-10 22:49:05,74.5166497461929,charcoal,10388,393.0,684,0,2025-11-10
267,139,2025-11-10 17:00:13,2025-11-10 22:07:13,64.04694805194805,charcoal,388,307.0,911,1,2025-11-10
90,40,2025-11-10 17:15:48,2025-11-10 20:28:48,52.224123711340205,charcoal,10308,193.0,246,1,2025-11-10
89,40,2025-11-10 17:23:48,2025-11-10 18:28:48,70.32181818181817,charcoal,10308,65.0,241,1,2025-11-10
89,40,2025-11-10 18:51:48,2025-11-10 19:20:48,43.344,charcoal,10308,29.0,242,0,2025-11-10
262,136,2025-11-11 05:48:23,2025-11-11 15:59:23,56.75584967320262,charcoal,386,611.0,894,1,2025-11-11
213,102,2025-11-11 09:10:05,2025-11-11 11:49:05,51.518125,charcoal,10388,159.0,667,1,2025-11-11
267,139,2025-11-11 09:22:13,2025-11-11 10:35:13,47.18864864864865,charcoal,388,73.0,912,0,2025-11-11
89,40,2025-11-11 09:41:48,2025-11-11 14:58:48,64.65490566037735,charcoal,10308,317.0,243,0,2025-11-11
90,40,2025-11-11 10:03:48,2025-11-11 10:20:48,41.85444444444445,charcoal,10308,17.0,247,1,2025-11-11
267,139,2025-11-11 10:48:13,2025-11-11 12:55:13,63.73953125,charcoal,388,127.0,913,1,2025-11-11
90,40,2025-11-11 10:49:48,2025-11-11 11:56:48,56.77676470588236,charcoal,10308,67.0,248,0,2025-11-11
90,40,2025-11-11 12:13:48,2025-11-11 12:44:48,44.015625,charcoal,10308,31.0,249,0,2025-11-11
212,101,2025-11-11 12:43:15,2025-11-11 22:44:15,68.75162790697675,charcoal,10386,601.0,654,1,2025-11-11
213,102,2025-11-11 13:22:05,2025-11-11 21:03:05,72.43861471861472,charcoal,10388,461.0,668,1,2025-11-11
231,113,2025-11-11 13:36:45,2025-11-11 15:17:45,44.299019607843135,charcoal,10351,101.0,765,1,2025-11-11
92,42,2025-11-11 13:46:31,2025-11-11 15:53:31,46.1190625,charcoal,10352,127.0,276,1,2025-11-11
206,98,2025-11-11 15:02:38,2025-11-11 16:27:38,49.33627906976744,charcoal,10387,85.0,582,1,2025-11-11
72,34,2025-11-11 15:18:03,2025-11-11 15:37:03,42.352999999999994,charcoal,10325,19.0,169,1,2025-11-11
77,38,2025-11-11 15:57:44,2025-11-11 15:58:44,40.5,charcoal,10353,1.0,213,0,2025-11-11
262,136,2025-11-11 16:42:23,2025-11-11 20:59:23,49.52736434108527,charcoal,386,257.0,895,1,2025-11-11
78,38,2025-11-11 16:49:44,2025-11-11 17:12:44,43.45666666666667,charcoal,10353,23.0,238,1,2025-11-11
77,38,2025-11-11 17:23:44,2025-11-11 19:12:44,52.499272727272725,charcoal,10353,109.0,214,1,2025-11-11
78,38,2025-11-11 17:23:44,2025-11-11 19:28:44,44.746984126984124,charcoal,10353,125.0,239,1,2025-11-11
90,40,2025-11-11 18:35:48,2025-11-11 21:20:48,52.337469879518075,charcoal,10308,165.0,250,0,2025-11-11
267,139,2025-11-11 18:52:13,2025-11-11 21:15:13,59.168749999999996,charcoal,388,143.0,914,1,2025-11-11
72,34,2025-11-11 18:58:03,2025-11-11 21:15:03,43.32695652173913,charcoal,10325,137.0,170,0,2025-11-11
211,101,2025-11-11 19:19:15,2025-11-11 20:32:15,54.807567567567574,charcoal,10386,73.0,651,1,2025-11-11
231,113,2025-11-11 19:24:45,2025-11-12 02:33:45,57.63679069767442,charcoal,10351,429.0,766,1,2025-11-11
77,38,2025-11-11 19:31:44,2025-11-11 21:50:44,48.93042857142857,charcoal,10353,139.0,215,0,2025-11-11
92,42,2025-11-11 19:54:31,2025-11-11 22:47:31,64.69896551724139,charcoal,10352,173.0,277,0,2025-11-11
77,38,2025-11-11 22:09:44,2025-11-11 22:22:44,40.74,charcoal,10353,13.0,216,1,2025-11-11
77,38,2025-11-11 22:35:44,2025-11-12 00:40:44,45.279206349206355,charcoal,10353,125.0,217,1,2025-11-11
262,136,2025-11-12 06:10:23,2025-11-12 23:33:23,59.631800766283526,charcoal,386,1043.0,896,0,2025-11-12
77,38,2025-11-12 06:27:44,2025-11-12 09:38:44,61.035625,charcoal,10353,191.0,218,1,2025-11-12
231,113,2025-11-12 07:30:45,2025-11-12 16:49:45,59.56907142857143,charcoal,10351,559.0,767,0,2025-11-12
72,34,2025-11-12 08:46:03,2025-11-12 09:17:03,41.520625,charcoal,10325,31.0,171,1,2025-11-12
213,102,2025-11-12 10:02:05,2025-11-12 12:13:05,56.40909090909091,charcoal,10388,131.0,669,1,2025-11-12
90,40,2025-11-12 11:17:48,2025-11-12 16:16:48,52.90426666666667,charcoal,10308,299.0,251,0,2025-11-12
92,42,2025-11-12 11:50:31,2025-11-12 14:43:31,67.91678160919541,charcoal,10352,173.0,278,1,2025-11-12
77,38,2025-11-12 11:51:44,2025-11-12 12:08:44,41.349999999999994,charcoal,10353,17.0,219,0,2025-11-12
206,98,2025-11-12 11:56:38,2025-11-12 12:17:38,54.75181818181818,charcoal,10387,21.0,583,1,2025-11-12
133,64,2025-11-12 12:17:24,2025-11-12 12:54:24,45.52,pellet,325,37.0,348,1,2025-11-12
109,50,2025-11-12 12:21:40,2025-11-12 13:10:40,47.6052,charcoal,370,49.0,292,1,2025-11-12
72,34,2025-11-12 13:00:03,2025-11-12 15:55:03,50.156363636363636,charcoal,10325,175.0,172,0,2025-11-12
230,112,2025-11-12 13:14:05,2025-11-12 14:05:05,45.53076923076923,charcoal,10369,51.0,751,1,2025-11-12
77,38,2025-11-12 13:17:44,2025-11-12 13:44:44,43.98428571428571,charcoal,10353,27.0,220,0,2025-11-12
109,50,2025-11-12 13:41:40,2025-11-12 16:24:40,48.82231707317073,charcoal,370,163.0,293,1,2025-11-12
212,101,2025-11-12 14:01:15,2025-11-12 22:52:15,55.98375939849624,charcoal,10386,531.0,655,1,2025-11-12
213,102,2025-11-12 15:36:05,2025-11-12 20:21:05,69.53223776223777,charcoal,10388,285.0,670,0,2025-11-12
264,137,2025-11-12 16:10:23,2025-11-12 16:15:23,40.47333333333333,pellet,386,5.0,908,0,2025-11-12
109,50,2025-11-12 16:45:40,2025-11-12 23:06:40,51.303926701570674,charcoal,370,381.0,294,0,2025-11-12
90,40,2025-11-12 16:49:48,2025-11-12 17:24:48,43.53333333333333,charcoal,10308,35.0,252,1,2025-11-12
77,38,2025-11-12 17:01:44,2025-11-12 18:54:44,50.320350877192986,charcoal,10353,113.0,221,1,2025-11-12
267,139,2025-11-12 17:40:13,2025-11-12 20:43:13,60.087173913043486,charcoal,388,183.0,915,0,2025-11-12
90,40,2025-11-12 17:53:48,2025-11-12 20:40:48,51.12964285714286,charcoal,10308,167.0,253,0,2025-11-12
92,42,2025-11-12 18:22:31,2025-11-12 21:01:31,65.340375,charcoal,10352,159.0,279,1,2025-11-12
110,50,2025-11-12 18:27:40,2025-11-12 19:24:40,74.59206896551724,charcoal,370,57.0,314,1,2025-11-12
272,138,2025-11-12 18:32:13,2025-11-12 18:41:13,45.774,pellet,388,9.0,929,0,2025-11-12
56,27,2025-11-12 19:07:55,2025-11-12 21:38:55,48.84,charcoal,10370,151.0,97,1,2025-11-12
77,38,2025-11-12 19:23:44,2025-11-12 22:22:44,54.182,charcoal,10353,179.0,222,0,2025-11-12
272,138,2025-11-12 19:34:13,2025-11-12 19:59:13,43.363076923076925,pellet,388,25.0,930,0,2025-11-12
72,34,2025-11-12 19:46:03,2025-11-12 22:11:03,54.46219178082192,charcoal,10325,145.0,173,0,2025-11-12
231,113,2025-11-12 20:02:45,2025-11-13 02:37:45,61.505959595959595,charcoal,10351,395.0,768,1,2025-11-12
206,98,2025-11-12 20:16:38,2025-11-12 21:35:38,61.40525,charcoal,10387,79.0,584,1,2025-11-12
213,102,2025-11-12 20:38:05,2025-11-12 22:01:05,61.71619047619048,charcoal,10388,83.0,671,1,2025-11-12
230,112,2025-11-12 20:42:05,2025-11-12 21:31:05,48.0532,charcoal,10369,49.0,752,1,2025-11-12
77,38,2025-11-12 22:43:44,2025-11-12 23:00:44,40.36666666666667,charcoal,10353,17.0,223,0,2025-11-12
262,136,2025-11-13 05:54:23,2025-11-14 01:49:23,63.52255852842809,charcoal,386,1195.0,897,0,2025-11-13
109,50,2025-11-13 06:33:40,2025-11-13 09:18:40,46.827590361445786,charcoal,370,165.0,295,0,2025-11-13
77,38,2025-11-13 06:41:44,2025-11-13 07:52:44,60.135555555555555,charcoal,10353,71.0,224,0,2025-11-13
72,34,2025-11-13 08:20:03,2025-11-13 09:09:03,42.3904,charcoal,10325,49.0,174,0,2025-11-13
213,102,2025-11-13 09:08:05,2025-11-13 11:13:05,59.30079365079365,charcoal,10388,125.0,672,0,2025-11-13
72,34,2025-11-13 09:12:03,2025-11-13 11:27:03,45.45411764705882,charcoal,10325,135.0,175,1,2025-11-13
77,38,2025-11-13 09:13:44,2025-11-13 12:36:44,48.569705882352935,charcoal,10353,203.0,225,1,2025-11-13
56,27,2025-11-13 09:51:55,2025-11-13 14:10:55,50.217615384615385,charcoal,10370,259.0,98,1,2025-11-13
267,139,2025-11-13 10:16:13,2025-11-13 14:27:13,55.240317460317456,charcoal,388,251.0,916,0,2025-11-13
92,42,2025-11-13 10:42:31,2025-11-13 22:03:31,100.47841642228738,charcoal,10352,681.0,280,0,2025-11-13
90,40,2025-11-13 11:25:48,2025-11-13 15:20:48,51.015762711864404,charcoal,10308,235.0,254,1,2025-11-13
231,113,2025-11-13 11:26:45,2025-11-14 01:35:45,73.34745882352941,charcoal,10351,849.0,769,0,2025-11-13
230,112,2025-11-13 12:24:05,2025-11-13 16:01:05,55.68972477064221,charcoal,10369,217.0,753,0,2025-11-13
72,34,2025-11-13 12:50:03,2025-11-13 13:51:03,46.69064516129033,charcoal,10325,61.0,176,1,2025-11-13
133,64,2025-11-13 13:01:24,2025-11-13 13:38:24,43.12157894736843,pellet,325,37.0,349,0,2025-11-13
207,99,2025-11-13 13:19:30,2025-11-13 15:58:30,55.535625,charcoal,10374,159.0,588,0,2025-11-13
212,101,2025-11-13 13:39:15,2025-11-13 17:00:15,86.08683168316833,charcoal,10386,201.0,656,0,2025-11-13
213,102,2025-11-13 14:22:05,2025-11-13 22:15:05,79.48164556962026,charcoal,10388,473.0,673,1,2025-11-13
46,21,2025-11-13 15:34:48,2025-11-13 16:21:48,45.46041666666667,charcoal,10377,47.0,45,1,2025-11-13
192,93,2025-11-13 15:42:00,2025-11-13 22:11:00,55.05907692307692,charcoal,302,389.0,516,1,2025-11-13
90,40,2025-11-13 16:01:48,2025-11-13 21:06:48,52.968823529411765,charcoal,10308,305.0,255,1,2025-11-13
109,50,2025-11-13 16:21:40,2025-11-13 21:54:40,53.91287425149701,charcoal,370,333.0,296,1,2025-11-13
46,21,2025-11-13 16:24:48,2025-11-13 16:41:48,43.16111111111111,charcoal,10377,17.0,46,1,2025-11-13
241,123,2025-11-13 17:15:06,2025-11-13 20:18:06,73.65271739130435,charcoal,10302,183.0,857,0,2025-11-13
110,50,2025-11-13 18:33:40,2025-11-13 19:30:40,88.78758620689656,charcoal,370,57.0,315,0,2025-11-13
267,139,2025-11-13 18:34:13,2025-11-14 00:45:13,62.545483870967736,charcoal,388,371.0,917,0,2025-11-13
56,27,2025-11-13 19:05:55,2025-11-13 21:34:55,56.63053333333333,charcoal,10370,149.0,99,1,2025-11-13
46,21,2025-11-13 19:20:48,2025-11-13 22:47:48,49.60105769230769,charcoal,10377,207.0,47,0,2025-11-13
212,101,2025-11-13 19:21:15,2025-11-13 22:14:15,66.09080459770115,charcoal,10386,173.0,657,1,2025-11-13
77,38,2025-11-13 19:33:44,2025-11-13 23:18:44,52.2629203539823,charcoal,10353,225.0,226,0,2025-11-13
72,34,2025-11-13 19:56:03,2025-11-13 22:03:03,52.92609375,charcoal,10325,127.0,177,1,2025-11-13
91,41,2025-11-13 19:57:28,2025-11-13 20:40:28,52.46272727272728,charcoal,10301,43.0,266,0,2025-11-13
264,137,2025-11-13 20:16:23,2025-11-13 20:35:23,40.614999999999995,pellet,386,19.0,909,0,2025-11-13
133,64,2025-11-13 20:53:24,2025-11-13 21:04:24,40.49166666666667,pellet,325,11.0,350,1,2025-11-13
262,136,2025-11-14 05:40:23,2025-11-14 10:27:23,55.72638888888889,charcoal,386,287.0,898,1,2025-11-14
77,38,2025-11-14 07:07:44,2025-11-14 09:46:44,49.140249999999995,charcoal,10353,159.0,227,1,2025-11-14
192,93,2025-11-14 07:54:00,2025-11-14 14:37:00,57.27108910891089,charcoal,302,403.0,517,1,2025-11-14
72,34,2025-11-14 08:10:03,2025-11-14 09:13:03,45.5909375,charcoal,10325,63.0,178,0,2025-11-14
46,21,2025-11-14 08:32:48,2025-11-14 09:05:48,42.32764705882353,charcoal,10377,33.0,48,1,2025-11-14
109,50,2025-11-14 08:45:40,2025-11-14 13:32:40,53.09631944444445,charcoal,370,287.0,297,0,2025-11-14
213,102,2025-11-14 09:22:05,2025-11-14 12:07:05,51.316987951807235,charcoal,10388,165.0,674,0,2025-11-14
46,21,2025-11-14 09:30:48,2025-11-14 09:31:48,40.07,charcoal,10377,1.0,49,0,2025-11-14
241,123,2025-11-14 09:35:06,2025-11-14 11:26:06,72.28642857142857,charcoal,10302,111.0,858,1,2025-11-14
56,27,2025-11-14 09:45:55,2025-11-14 11:36:55,50.51267857142857,charcoal,10370,111.0,100,1,2025-11-14
212,101,2025-11-14 09:53:15,2025-11-14 12:22:15,60.65293333333334,charcoal,10386,149.0,658,0,2025-11-14
230,112,2025-11-14 10:34:05,2025-11-14 15:23:05,61.49682758620689,charcoal,10369,289.0,754,0,2025-11-14
262,136,2025-11-14 10:42:23,2025-11-14 23:13:23,57.852898936170206,charcoal,386,751.0,899,1,2025-11-14
90,40,2025-11-14 10:53:48,2025-11-14 17:46:48,62.06647342995169,charcoal,10308,413.0,256,0,2025-11-14
92,42,2025-11-14 11:46:31,2025-11-14 14:53:31,80.85478723404256,charcoal,10352,187.0,281,1,2025-11-14
56,27,2025-11-14 11:47:55,2025-11-14 12:38:55,45.026538461538465,charcoal,10370,51.0,101,1,2025-11-14
207,99,2025-11-14 12:13:30,2025-11-14 14:56:30,53.9990243902439,charcoal,10374,163.0,589,1,2025-11-14
212,101,2025-11-14 12:27:15,2025-11-15 00:16:15,76.12647887323944,charcoal,10386,709.0,659,0,2025-11-14
91,41,2025-11-14 12:33:28,2025-11-14 15:42:28,63.456736842105265,charcoal,10301,189.0,267,1,2025-11-14
267,139,2025-11-14 12:48:13,2025-11-14 15:01:13,68.4165671641791,charcoal,388,133.0,918,1,2025-11-14
46,21,2025-11-14 13:02:48,2025-11-14 14:19:48,47.438205128205134,charcoal,10377,77.0,50,0,2025-11-14
143,70,2025-11-14 13:08:53,2025-11-14 13:59:53,62.92230769230769,charcoal,357,51.0,380,1,2025-11-14
72,34,2025-11-14 13:32:03,2025-11-14 14:19:03,41.32333333333333,charcoal,10325,47.0,179,1,2025-11-14
109,50,2025-11-14 14:03:40,2025-11-14 15:36:40,48.117446808510635,charcoal,370,93.0,298,0,2025-11-14
56,27,2025-11-14 14:09:55,2025-11-14 16:32:55,50.60513888888889,charcoal,10370,143.0,102,1,2025-11-14
77,38,2025-11-14 14:23:44,2025-11-14 18:28:44,53.76536585365854,charcoal,10353,245.0,228,1,2025-11-14
72,34,2025-11-14 14:34:03,2025-11-14 14:57:03,43.57333333333333,charcoal,10325,23.0,180,1,2025-11-14
225,106,2025-11-14 14:45:55,2025-11-14 16:02:55,64.2402564102564,charcoal,10357,77.0,688,1,2025-11-14
213,102,2025-11-14 14:58:05,2025-11-14 17:09:05,57.137121212121215,charcoal,10388,131.0,675,1,2025-11-14
240,123,2025-11-14 15:17:06,2025-11-14 17:54:06,70.39455696202532,charcoal,10302,157.0,844,1,2025-11-14
46,21,2025-11-14 15:36:48,2025-11-14 17:39:48,43.75677419354839,charcoal,10377,123.0,51,1,2025-11-14
192,93,2025-11-14 15:50:00,2025-11-14 16:23:00,41.29117647058824,charcoal,302,33.0,518,0,2025-11-14
230,112,2025-11-14 16:00:05,2025-11-14 18:25:05,45.32821917808219,charcoal,10369,145.0,755,1,2025-11-14
91,41,2025-11-14 16:01:28,2025-11-14 16:42:28,41.256190476190476,charcoal,10301,41.0,268,1,2025-11-14
228,109,2025-11-14 16:13:28,2025-11-14 16:58:28,44.13956521739131,charcoal,10304,45.0,714,1,2025-11-14
134,65,2025-11-14 16:15:24,2025-11-14 17:34:24,50.67275,charcoal,325,79.0,355,0,2025-11-14
109,50,2025-11-14 16:27:40,2025-11-14 19:36:40,55.42631578947368,charcoal,370,189.0,299,0,2025-11-14
192,93,2025-11-14 16:28:00,2025-11-14 16:29:00,40.05,charcoal,302,1.0,519,0,2025-11-14
192,93,2025-11-14 16:34:00,2025-11-14 19:43:00,47.56326315789474,charcoal,302,189.0,520,1,2025-11-14
56,27,2025-11-14 16:47:55,2025-11-14 17:30:55,44.833636363636366,charcoal,10370,43.0,103,1,2025-11-14
225,106,2025-11-14 17:01:55,2025-11-14 22:34:55,58.26652694610779,charcoal,10357,333.0,689,1,2025-11-14
228,109,2025-11-14 17:13:28,2025-11-14 17:22:28,41.02,charcoal,10304,9.0,715,0,2025-11-14
91,41,2025-11-14 17:33:28,2025-11-14 18:00:28,48.892857142857146,charcoal,10301,27.0,269,1,2025-11-14
267,139,2025-11-14 17:58:13,2025-11-14 21:09:13,64.655,charcoal,388,191.0,919,0,2025-11-14
46,21,2025-11-14 17:58:48,2025-11-14 20:27:48,46.338,charcoal,10377,149.0,52,1,2025-11-14
207,99,2025-11-14 18:01:30,2025-11-14 20:36:30,59.234102564102564,charcoal,10374,155.0,590,1,2025-11-14
240,123,2025-11-14 18:03:06,2025-11-14 20:02:06,53.59566666666667,charcoal,10302,119.0,845,1,2025-11-14
91,41,2025-11-14 18:09:28,2025-11-14 18:12:28,40.07,charcoal,10301,3.0,270,1,2025-11-14
228,109,2025-11-14 18:09:28,2025-11-14 21:42:28,60.888878504672896,charcoal,10304,213.0,716,1,2025-11-14
231,113,2025-11-14 18:30:45,2025-11-15 00:07:45,60.15733727810651,charcoal,10351,337.0,770,1,2025-11-14
90,40,2025-11-14 18:31:48,2025-11-14 19:28:48,44.107586206896556,charcoal,10308,57.0,257,0,2025-11-14
230,112,2025-11-14 18:32:05,2025-11-14 19:51:05,45.34375,charcoal,10369,79.0,756,0,2025-11-14
77,38,2025-11-14 18:33:44,2025-11-14 21:22:44,46.41964705882353,charcoal,10353,169.0,229,0,2025-11-14
213,102,2025-11-14 18:36:05,2025-11-14 21:45:05,71.97231578947368,charcoal,10388,189.0,676,1,2025-11-14
56,27,2025-11-14 18:53:55,2025-11-14 21:02:55,45.46061538461539,charcoal,10370,129.0,104,1,2025-11-14
92,42,2025-11-14 18:56:31,2025-11-15 00:19:31,49.77395061728395,charcoal,10352,323.0,282,0,2025-11-14
211,101,2025-11-14 18:57:15,2025-11-14 21:08:15,63.625757575757575,charcoal,10386,131.0,652,1,2025-11-14
72,34,2025-11-14 19:30:03,2025-11-14 21:19:03,44.955636363636366,charcoal,10325,109.0,181,1,2025-11-14
90,40,2025-11-14 19:59:48,2025-11-14 20:46:48,42.48708333333334,charcoal,10308,47.0,258,1,2025-11-14
46,21,2025-11-14 20:32:48,2025-11-14 21:49:48,41.565384615384616,charcoal,10377,77.0,53,1,2025-11-14
78,38,2025-11-14 20:43:44,2025-11-14 21:20:44,43.90052631578948,charcoal,10353,37.0,240,1,2025-11-14
213,102,2025-11-15 07:12:05,2025-11-15 17:25:05,95.36534201954397,charcoal,10388,613.0,677,0,2025-11-15
262,136,2025-11-15 07:52:23,2025-11-16 03:07:23,63.55176470588235,charcoal,386,1155.0,900,1,2025-11-15
46,21,2025-11-15 08:24:48,2025-11-15 09:31:48,51.69294117647058,charcoal,10377,67.0,54,1,2025-11-15
153,74,2025-11-15 08:37:08,2025-11-15 09:34:08,46.86,charcoal,332,57.0,418,0,2025-11-15
56,27,2025-11-15 08:51:55,2025-11-15 10:26:55,45.28041666666667,charcoal,10370,95.0,105,0,2025-11-15
92,42,2025-11-15 08:52:31,2025-11-15 12:35:31,55.19276785714286,charcoal,10352,223.0,283,1,2025-11-15
228,109,2025-11-15 08:57:28,2025-11-15 15:24:28,58.67278350515464,charcoal,10304,387.0,717,1,2025-11-15
225,106,2025-11-15 09:01:55,2025-11-15 15:20:55,58.093105263157895,charcoal,10357,379.0,690,1,2025-11-15
207,99,2025-11-15 09:03:30,2025-11-15 11:08:30,50.9752380952381,charcoal,10374,125.0,591,1,2025-11-15
143,70,2025-11-15 09:22:53,2025-11-15 16:15:53,70.71492753623188,charcoal,357,413.0,381,1,2025-11-15
192,93,2025-11-15 09:34:00,2025-11-15 11:53:00,49.47857142857143,charcoal,302,139.0,521,0,2025-11-15
212,101,2025-11-15 09:35:15,2025-11-15 12:16:15,57.41753086419753,charcoal,10386,161.0,660,1,2025-11-15
267,139,2025-11-15 09:50:13,2025-11-15 11:09:13,50.72325,charcoal,388,79.0,920,1,2025-11-15
215,102,2025-11-15 09:52:05,2025-11-15 16:15:05,58.388125,charcoal,10388,383.0,685,0,2025-11-15
230,112,2025-11-15 10:00:05,2025-11-15 16:01:05,53.0985635359116,charcoal,10369,361.0,757,0,2025-11-15
90,40,2025-11-15 10:25:48,2025-11-15 10:58:48,44.09294117647059,charcoal,10308,33.0,259,1,2025-11-15
153,74,2025-11-15 10:27:08,2025-11-15 15:54:08,54.208841463414636,charcoal,332,327.0,419,0,2025-11-15
90,40,2025-11-15 11:01:48,2025-11-15 11:24:48,41.195,charcoal,10308,23.0,260,0,2025-11-15
56,27,2025-11-15 11:07:55,2025-11-15 11:34:55,40.949285714285715,charcoal,10370,27.0,106,1,2025-11-15
90,40,2025-11-15 11:43:48,2025-11-15 15:02:48,51.3804,charcoal,10308,199.0,261,0,2025-11-15
192,93,2025-11-15 11:58:00,2025-11-15 15:49:00,69.92525862068966,charcoal,302,231.0,522,0,2025-11-15
72,34,2025-11-15 12:18:03,2025-11-15 13:57:03,42.8382,charcoal,10325,99.0,182,1,2025-11-15
91,41,2025-11-15 12:19:28,2025-11-15 12:28:28,42.95,charcoal,10301,9.0,271,0,2025-11-15
267,139,2025-11-15 12:28:13,2025-11-15 14:29:13,64.35409836065574,charcoal,388,121.0,921,1,2025-11-15
56,27,2025-11-15 12:29:55,2025-11-15 15:56:55,50.61326923076923,charcoal,10370,207.0,107,0,2025-11-15
206,98,2025-11-15 12:34:38,2025-11-15 13:41:38,78.9385294117647,charcoal,10387,67.0,585,0,2025-11-15
212,101,2025-11-15 12:41:15,2025-11-15 16:12:15,64.66603773584906,charcoal,10386,211.0,661,1,2025-11-15
109,50,2025-11-15 12:43:40,2025-11-15 16:42:40,54.9095,charcoal,370,239.0,300,1,2025-11-15
46,21,2025-11-15 13:04:48,2025-11-15 17:35:48,52.56985294117647,charcoal,10377,271.0,55,1,2025-11-15
77,38,2025-11-15 13:29:44,2025-11-15 16:12:44,55.40853658536585,charcoal,10353,163.0,230,0,2025-11-15
267,139,2025-11-15 14:32:13,2025-11-15 16:07:13,46.58604166666667,charcoal,388,95.0,922,1,2025-11-15
133,64,2025-11-15 14:35:24,2025-11-15 15:04:24,45.23533333333333,pellet,325,29.0,351,1,2025-11-15
231,113,2025-11-15 14:40:45,2025-11-16 02:21:45,68.65891737891738,charcoal,10351,701.0,771,0,2025-11-15
148,73,2025-11-15 15:31:47,2025-11-15 17:52:47,69.58070422535211,charcoal,304,141.0,399,1,2025-11-15
225,106,2025-11-15 15:31:55,2025-11-15 15:32:55,40.05,charcoal,10357,1.0,691,1,2025-11-15
225,106,2025-11-15 15:39:55,2025-11-15 15:40:55,40.01,charcoal,10357,1.0,692,1,2025-11-15
264,137,2025-11-15 15:56:23,2025-11-15 16:41:23,42.91434782608695,pellet,386,45.0,910,0,2025-11-15
149,72,2025-11-15 16:09:47,2025-11-15 17:28:47,50.728,pellet,304,79.0,405,1,2025-11-15
192,93,2025-11-15 16:12:00,2025-11-15 19:11:00,49.63044444444444,charcoal,302,179.0,523,0,2025-11-15
70,33,2025-11-15 16:16:54,2025-11-15 21:01:54,50.488811188811184,charcoal,10314,285.0,146,0,2025-11-15
212,101,2025-11-15 16:27:15,2025-11-15 23:28:15,60.73725118483412,charcoal,10386,421.0,662,1,2025-11-15
77,38,2025-11-15 16:41:44,2025-11-15 16:44:44,40.11,charcoal,10353,3.0,231,1,2025-11-15
267,139,2025-11-15 16:42:13,2025-11-15 22:59:13,66.06851851851852,charcoal,388,377.0,923,1,2025-11-15
109,50,2025-11-15 16:47:40,2025-11-15 21:50:40,52.85868421052632,charcoal,370,303.0,301,1,2025-11-15
77,38,2025-11-15 17:07:44,2025-11-15 18:22:44,48.59184210526316,charcoal,10353,75.0,232,0,2025-11-15
207,99,2025-11-15 17:57:30,2025-11-15 20:48:30,50.67604651162791,charcoal,10374,171.0,592,0,2025-11-15
228,109,2025-11-15 18:23:28,2025-11-15 20:32:28,65.32969230769231,charcoal,10304,129.0,718,0,2025-11-15
153,74,2025-11-15 18:29:08,2025-11-15 19:56:08,59.66613636363636,charcoal,332,87.0,420,0,2025-11-15
90,40,2025-11-15 18:41:48,2025-11-15 21:40:48,49.81066666666667,charcoal,10308,179.0,262,1,2025-11-15
230,112,2025-11-15 18:58:05,2025-11-15 20:31:05,52.725531914893615,charcoal,10369,93.0,758,0,2025-11-15
46,21,2025-11-15 19:04:48,2025-11-15 20:47:48,44.573076923076925,charcoal,10377,103.0,56,1,2025-11-15
143,70,2025-11-15 19:06:53,2025-11-15 20:09:53,62.6875,charcoal,357,63.0,382,1,2025-11-15
148,73,2025-11-15 19:07:47,2025-11-15 21:54:47,58.57107142857143,charcoal,304,167.0,400,1,2025-11-15
56,27,2025-11-15 19:07:55,2025-11-15 21:50:55,51.77756097560976,charcoal,10370,163.0,108,1,2025-11-15
72,34,2025-11-15 19:18:03,2025-11-15 21:09:03,43.74446428571429,charcoal,10325,111.0,183,0,2025-11-15
77,38,2025-11-15 19:23:44,2025-11-16 00:14:44,50.98390410958904,charcoal,10353,291.0,233,0,2025-11-15
192,93,2025-11-15 19:24:00,2025-11-15 19:33:00,40.922000000000004,charcoal,302,9.0,524,0,2025-11-15
92,42,2025-11-15 19:34:31,2025-11-15 22:39:31,57.5489247311828,charcoal,10352,185.0,284,1,2025-11-15
213,102,2025-11-15 19:56:05,2025-11-15 22:13:05,71.12275362318842,charcoal,10388,137.0,678,1,2025-11-15
153,74,2025-11-15 20:07:08,2025-11-15 20:30:08,42.175,charcoal,332,23.0,421,1,2025-11-15
203,96,2025-11-15 20:19:50,2025-11-15 21:04:50,48.38565217391304,charcoal,10318,45.0,544,0,2025-11-15
215,102,2025-11-15 20:28:05,2025-11-15 21:33:05,68.25848484848485,charcoal,10388,65.0,686,1,2025-11-15
225,106,2025-11-15 20:35:55,2025-11-15 23:54:55,53.8612,charcoal,10357,199.0,693,0,2025-11-15
153,74,2025-11-15 20:39:08,2025-11-15 20:52:08,41.05142857142857,charcoal,332,13.0,422,0,2025-11-15
245,126,2025-11-15 20:53:04,2025-11-15 22:04:04,49.82083333333333,charcoal,318,71.0,877,1,2025-11-15
133,64,2025-11-15 21:35:24,2025-11-15 22:02:24,41.230714285714285,pellet,325,27.0,352,1,2025-11-15
72,34,2025-11-15 21:38:03,2025-11-15 21:59:03,41.61181818181819,charcoal,10325,21.0,184,1,2025-11-15
148,73,2025-11-15 22:01:47,2025-11-15 22:54:47,52.535555555555554,charcoal,304,53.0,401,1,2025-11-15
109,50,2025-11-15 22:05:40,2025-11-16 01:42:40,47.648990825688074,charcoal,370,217.0,302,0,2025-11-15
133,64,2025-11-15 22:11:24,2025-11-15 22:26:24,40.7675,pellet,325,15.0,353,1,2025-11-15
149,72,2025-11-15 23:15:47,2025-11-16 00:28:47,51.29351351351351,pellet,304,73.0,406,1,2025-11-15
46,21,2025-11-16 06:10:48,2025-11-16 09:25:48,47.76397959183674,charcoal,10377,195.0,57,1,2025-11-16
213,102,2025-11-16 06:50:05,2025-11-16 08:35:05,63.113773584905665,charcoal,10388,105.0,679,0,2025-11-16
90,40,2025-11-16 07:09:48,2025-11-16 08:58:48,48.05781818181818,charcoal,10308,109.0,263,1,2025-11-16
215,102,2025-11-16 07:12:05,2025-11-16 09:43:05,48.687763157894736,charcoal,10388,151.0,687,0,2025-11-16
267,139,2025-11-16 07:16:13,2025-11-16 14:45:13,63.452577777777776,charcoal,388,449.0,924,1,2025-11-16
77,38,2025-11-16 07:41:44,2025-11-16 12:50:44,57.9998064516129,charcoal,10353,309.0,234,0,2025-11-16
225,106,2025-11-16 07:49:55,2025-11-16 09:50:55,50.37688524590163,charcoal,10357,121.0,694,1,2025-11-16
245,126,2025-11-16 07:53:04,2025-11-16 07:56:04,40.349999999999994,charcoal,318,3.0,878,1,2025-11-16
143,70,2025-11-16 07:58:53,2025-11-16 11:11:53,53.17845360824742,charcoal,357,193.0,383,1,2025-11-16
228,109,2025-11-16 08:05:28,2025-11-16 09:54:28,66.80254545454545,charcoal,10304,109.0,719,1,2025-11-16
240,123,2025-11-16 08:27:06,2025-11-16 10:24:06,61.10423728813559,charcoal,10302,117.0,846,1,2025-11-16
212,101,2025-11-16 08:27:15,2025-11-16 12:08:15,57.57414414414414,charcoal,10386,221.0,663,0,2025-11-16
109,50,2025-11-16 08:27:40,2025-11-16 11:02:40,51.615512820512826,charcoal,370,155.0,303,1,2025-11-16
70,33,2025-11-16 08:38:54,2025-11-16 11:01:54,43.01611111111111,charcoal,10314,143.0,147,0,2025-11-16
213,102,2025-11-16 08:58:05,2025-11-16 12:13:05,53.87255102040817,charcoal,10388,195.0,680,1,2025-11-16
90,40,2025-11-16 09:37:48,2025-11-16 13:36:48,52.75516666666667,charcoal,10308,239.0,264,0,2025-11-16
192,93,2025-11-16 09:58:00,2025-11-16 11:39:00,48.161764705882355,charcoal,302,101.0,525,1,2025-11-16
92,42,2025-11-16 10:02:31,2025-11-16 16:57:31,58.760528846153846,charcoal,10352,415.0,285,0,2025-11-16
46,21,2025-11-16 10:06:48,2025-11-16 15:13:48,54.365194805194804,charcoal,10377,307.0,58,1,2025-11-16
149,72,2025-11-16 10:07:47,2025-11-16 10:54:47,47.657916666666665,pellet,304,47.0,407,0,2025-11-16
230,112,2025-11-16 10:12:05,2025-11-16 16:09:05,53.2322905027933,charcoal,10369,357.0,759,1,2025-11-16
56,27,2025-11-16 10:27:55,2025-11-16 10:40:55,40.82,charcoal,10370,13.0,109,1,2025-11-16
240,123,2025-11-16 10:29:06,2025-11-16 10:42:06,40.90571428571429,charcoal,10302,13.0,847,0,2025-11-16
225,106,2025-11-16 10:29:55,2025-11-16 11:52:55,44.14928571428571,charcoal,10357,83.0,695,0,2025-11-16
228,109,2025-11-16 10:41:28,2025-11-16 20:44:28,60.627317880794706,charcoal,10304,603.0,720,1,2025-11-16
240,123,2025-11-16 10:49:06,2025-11-16 21:44:06,74.04792682926829,charcoal,10302,655.0,848,1,2025-11-16
70,33,2025-11-16 11:08:54,2025-11-16 11:09:54,40.17,charcoal,10314,1.0,148,1,2025-11-16
56,27,2025-11-16 11:13:55,2025-11-16 11:28:55,41.55625,charcoal,10370,15.0,110,1,2025-11-16
109,50,2025-11-16 11:15:40,2025-11-16 11:24:40,40.628,charcoal,370,9.0,304,1,2025-11-16
153,74,2025-11-16 11:23:08,2025-11-16 14:28:08,53.486344086021504,charcoal,332,185.0,423,1,2025-11-16
262,136,2025-11-16 11:40:23,2025-11-16 11:49:23,42.914,charcoal,386,9.0,901,1,2025-11-16
149,72,2025-11-16 11:41:47,2025-11-16 12:52:47,46.430277777777775,pellet,304,71.0,408,0,2025-11-16
262,136,2025-11-16 11:54:23,2025-11-16 11:59:23,42.24666666666666,charcoal,386,5.0,902,1,2025-11-16
56,27,2025-11-16 12:01:55,2025-11-16 14:24:55,49.17069444444444,charcoal,10370,143.0,111,0,2025-11-16
262,136,2025-11-16 12:02:23,2025-11-16 12:43:23,46.513333333333335,charcoal,386,41.0,903,1,2025-11-16
212,101,2025-11-16 12:11:15,2025-11-16 12:22:15,44.59166666666667,charcoal,10386,11.0,664,1,2025-11-16
192,93,2025-11-16 12:14:00,2025-11-16 12:15:00,40.05,charcoal,302,1.0,526,0,2025-11-16
192,93,2025-11-16 12:18:00,2025-11-16 12:23:00,40.25,charcoal,302,5.0,527,1,2025-11-16
231,113,2025-11-16 12:24:45,2025-11-17 01:27:45,72.05377551020409,charcoal,10351,783.0,772,0,2025-11-16
91,41,2025-11-16 12:37:28,2025-11-16 15:40:28,50.49250000000001,charcoal,10301,183.0,272,1,2025-11-16
203,96,2025-11-16 12:37:50,2025-11-16 14:42:50,72.89968253968254,charcoal,10318,125.0,545,0,2025-11-16
192,93,2025-11-16 12:50:00,2025-11-16 12:55:00,41.453333333333326,charcoal,302,5.0,528,1,2025-11-16
212,101,2025-11-16 12:51:15,2025-11-16 15:20:15,67.09706666666666,charcoal,10386,149.0,665,1,2025-11-16
213,102,2025-11-16 12:52:05,2025-11-16 13:19:05,45.396428571428565,charcoal,10388,27.0,681,1,2025-11-16
262,136,2025-11-16 12:56:23,2025-11-16 13:01:23,40.589999999999996,charcoal,386,5.0,904,0,2025-11-16
192,93,2025-11-16 13:00:00,2025-11-16 13:23:00,40.6925,charcoal,302,23.0,529,0,2025-11-16
192,93,2025-11-16 13:26:00,2025-11-16 13:27:00,40.11,charcoal,302,1.0,530,1,2025-11-16
149,72,2025-11-16 13:31:47,2025-11-16 14:40:47,50.972,pellet,304,69.0,409,1,2025-11-16
192,93,2025-11-16 13:32:00,2025-11-16 14:11:00,41.2735,charcoal,302,39.0,531,1,2025-11-16
143,70,2025-11-16 13:48:53,2025-11-16 13:49:53,40.29,charcoal,357,1.0,384,0,2025-11-16
262,136,2025-11-16 13:54:23,2025-11-16 13:55:23,40.23,charcoal,386,1.0,905,0,2025-11-16
134,65,2025-11-16 14:01:24,2025-11-16 14:58:24,49.66034482758621,charcoal,325,57.0,356,0,2025-11-16
72,34,2025-11-16 14:08:03,2025-11-16 14:21:03,40.65714285714286,charcoal,10325,13.0,185,1,2025-11-16
225,106,2025-11-16 14:17:55,2025-11-16 17:20:55,59.83869565217391,charcoal,10357,183.0,696,0,2025-11-16
192,93,2025-11-16 14:26:00,2025-11-16 16:59:00,49.46363636363636,charcoal,302,153.0,532,1,2025-11-16
213,102,2025-11-16 15:20:05,2025-11-16 17:51:05,69.50855263157894,charcoal,10388,151.0,682,1,2025-11-16
109,50,2025-11-16 15:25:40,2025-11-16 17:38:40,54.517462686567164,charcoal,370,133.0,305,1,2025-11-16
46,21,2025-11-16 15:26:48,2025-11-16 15:29:48,40.474999999999994,charcoal,10377,3.0,59,1,2025-11-16
206,98,2025-11-16 16:04:38,2025-11-16 19:01:38,58.820786516853936,charcoal,10387,177.0,586,0,2025-11-16
46,21,2025-11-16 16:20:48,2025-11-16 16:35:48,40.301249999999996,charcoal,10377,15.0,60,1,2025-11-16
70,33,2025-11-16 16:26:54,2025-11-16 20:43:54,53.27232558139535,charcoal,10314,257.0,149,1,2025-11-16
203,96,2025-11-16 16:29:50,2025-11-16 17:52:50,56.55190476190476,charcoal,10318,83.0,546,1,2025-11-16
253,133,2025-11-16 16:41:08,2025-11-16 21:18:08,75.09748201438849,charcoal,374,277.0,885,0,2025-11-16
207,99,2025-11-16 18:13:30,2025-11-16 19:50:30,53.356530612244896,charcoal,10374,97.0,593,1,2025-11-16
109,50,2025-11-16 18:15:40,2025-11-16 21:54:40,55.158454545454546,charcoal,370,219.0,306,0,2025-11-16
225,106,2025-11-16 18:17:55,2025-11-16 21:32:55,56.4665306122449,charcoal,10357,195.0,697,1,2025-11-16
89,40,2025-11-16 18:19:48,2025-11-16 21:52:48,60.64224299065421,charcoal,10308,213.0,244,1,2025-11-16
262,136,2025-11-16 18:28:23,2025-11-16 22:39:23,69.1295238095238,charcoal,386,251.0,906,0,2025-11-16
153,74,2025-11-16 18:31:08,2025-11-16 21:00:08,47.720933333333335,charcoal,332,149.0,424,1,2025-11-16
143,70,2025-11-16 18:32:53,2025-11-16 19:35:53,69.88,charcoal,357,63.0,385,0,2025-11-16
192,93,2025-11-16 18:40:00,2025-11-16 22:27:00,46.46473684210526,charcoal,302,227.0,533,0,2025-11-16
105,50,2025-11-16 18:45:40,2025-11-16 20:08:40,84.69880952380952,charcoal,370,83.0,290,1,2025-11-16
148,73,2025-11-16 18:53:47,2025-11-17 01:22:47,64.32687179487179,charcoal,304,389.0,402,1,2025-11-16
267,139,2025-11-16 19:00:13,2025-11-16 20:59:13,58.1915,charcoal,388,119.0,925,0,2025-11-16
56,27,2025-11-16 19:03:55,2025-11-16 21:54:55,56.08023255813953,charcoal,10370,171.0,112,1,2025-11-16
91,41,2025-11-16 19:09:28,2025-11-16 20:14:28,45.99545454545455,charcoal,10301,65.0,273,0,2025-11-16
203,96,2025-11-16 19:23:50,2025-11-16 21:46:50,60.97847222222222,charcoal,10318,143.0,547,1,2025-11-16
212,101,2025-11-16 19:35:15,2025-11-16 22:12:15,87.02860759493672,charcoal,10386,157.0,666,1,2025-11-16
230,112,2025-11-16 19:50:05,2025-11-16 22:21:05,46.50171052631579,charcoal,10369,151.0,760,1,2025-11-16
46,21,2025-11-16 19:52:48,2025-11-16 21:39:48,47.208518518518524,charcoal,10377,107.0,61,0,2025-11-16
72,34,2025-11-16 20:10:03,2025-11-16 21:25:03,42.91947368421053,charcoal,10325,75.0,186,1,2025-11-16
92,42,2025-11-16 20:10:31,2025-11-17 00:59:31,66.44524137931035,charcoal,10352,289.0,286,1,2025-11-16
245,126,2025-11-16 21:03:04,2025-11-16 21:58:04,49.7975,charcoal,318,55.0,879,1,2025-11-16
46,21,2025-11-16 21:42:48,2025-11-16 22:15:48,41.54294117647059,charcoal,10377,33.0,62,1,2025-11-16
262,136,2025-11-17 05:42:23,2025-11-17 12:47:23,75.03553990610328,charcoal,386,425.0,907,0,2025-11-17
77,38,2025-11-17 05:43:44,2025-11-17 08:26:44,47.88353658536585,charcoal,10353,163.0,235,0,2025-11-17
148,73,2025-11-17 06:25:47,2025-11-17 08:22:47,68.46864406779662,charcoal,304,117.0,403,1,2025-11-17
46,21,2025-11-17 06:34:48,2025-11-17 06:55:48,43.767272727272726,charcoal,10377,21.0,63,1,2025-11-17
143,70,2025-11-17 06:36:53,2025-11-17 08:17:53,56.99529411764706,charcoal,357,101.0,386,1,2025-11-17
149,72,2025-11-17 06:45:47,2025-11-17 07:44:47,46.40933333333333,pellet,304,59.0,410,0,2025-11-17
225,106,2025-11-17 06:45:55,2025-11-17 07:44:55,47.83566666666666,charcoal,10357,59.0,698,0,2025-11-17
240,123,2025-11-17 06:59:06,2025-11-17 08:16:06,63.36512820512821,charcoal,10302,77.0,849,0,2025-11-17
267,139,2025-11-17 07:22:13,2025-11-17 08:53:13,52.45891304347826,charcoal,388,91.0,926,0,2025-11-17
225,106,2025-11-17 07:53:55,2025-11-17 09:26:55,44.04425531914894,charcoal,10357,93.0,699,1,2025-11-17
92,42,2025-11-17 08:04:31,2025-11-17 22:15:31,80.88957746478873,charcoal,10352,851.0,287,0,2025-11-17
228,109,2025-11-17 08:17:28,2025-11-17 09:34:28,61.84692307692308,charcoal,10304,77.0,721,1,2025-11-17
231,113,2025-11-17 08:24:45,2025-11-17 15:39:45,57.97311926605504,charcoal,10351,435.0,773,0,2025-11-17
136,66,2025-11-17 08:44:08,2025-11-17 16:29:08,49.73472103004292,charcoal,359,465.0,358,0,2025-11-17
267,139,2025-11-17 09:02:13,2025-11-17 10:19:13,48.95948717948718,charcoal,388,77.0,927,0,2025-11-17
240,123,2025-11-17 09:05:06,2025-11-17 11:04:06,53.63183333333333,charcoal,10302,119.0,850,0,2025-11-17
192,93,2025-11-17 09:10:00,2025-11-17 17:17:00,57.74393442622951,charcoal,302,487.0,534,1,2025-11-17
109,50,2025-11-17 09:11:40,2025-11-17 10:00:40,46.446000000000005,charcoal,370,49.0,307,1,2025-11-17
70,33,2025-11-17 09:52:54,2025-11-17 11:11:54,52.466499999999996,charcoal,10314,79.0,150,1,2025-11-17
153,74,2025-11-17 09:57:08,2025-11-17 15:50:08,52.806101694915256,charcoal,332,353.0,425,0,2025-11-17
109,50,2025-11-17 10:21:40,2025-11-17 12:06:40,42.19981132075472,charcoal,370,105.0,308,1,2025-11-17
143,70,2025-11-17 10:22:53,2025-11-17 12:23:53,58.32377049180328,charcoal,357,121.0,387,0,2025-11-17
267,139,2025-11-17 10:52:13,2025-11-17 13:35:13,59.9059756097561,charcoal,388,163.0,928,0,2025-11-17
90,40,2025-11-17 11:17:48,2025-11-17 13:40:48,54.92513888888889,charcoal,10308,143.0,265,0,2025-11-17
89,40,2025-11-17 11:27:48,2025-11-17 12:12:48,43.67826086956522,charcoal,10308,45.0,245,1,2025-11-17
225,106,2025-11-17 11:39:55,2025-11-17 19:06:55,62.82236607142857,charcoal,10357,447.0,700,1,2025-11-17
190,93,2025-11-17 11:46:00,2025-11-17 13:25:00,53.369,charcoal,302,99.0,513,1,2025-11-17
240,123,2025-11-17 11:59:06,2025-11-17 15:08:06,62.53968421052631,charcoal,10302,189.0,851,0,2025-11-17
56,27,2025-11-17 12:11:55,2025-11-17 15:48:55,49.37018348623854,charcoal,10370,217.0,113,0,2025-11-17
213,102,2025-11-17 12:16:05,2025-11-17 14:35:05,60.099000000000004,charcoal,10388,139.0,683,1,2025-11-17
228,109,2025-11-17 12:29:28,2025-11-17 15:40:28,57.090624999999996,charcoal,10304,191.0,722,1,2025-11-17
206,98,2025-11-17 12:46:38,2025-11-17 13:12:38,78.65,charcoal,10387,26.0,587,1,2025-11-17
72,34,2025-11-17 13:02:03,2025-11-17 13:55:03,41.30111111111111,charcoal,10325,53.0,187,1,2025-11-17
203,96,2025-11-17 13:11:50,2025-11-17 17:08:50,75.78403361344537,charcoal,10318,237.0,548,1,2025-11-17
109,50,2025-11-17 13:27:40,2025-11-17 16:58:40,48.08264150943396,charcoal,370,211.0,309,1,2025-11-17
149,72,2025-11-17 13:41:47,2025-11-17 15:22:47,50.375882352941176,pellet,304,101.0,411,0,2025-11-17
46,21,2025-11-17 13:52:48,2025-11-17 15:49:48,45.521355932203384,charcoal,10377,117.0,64,0,2025-11-17
134,65,2025-11-17 13:55:24,2025-11-17 15:22:24,48.22340909090909,charcoal,325,87.0,357,1,2025-11-17
72,34,2025-11-17 13:58:03,2025-11-17 13:59:03,40.1,charcoal,10325,1.0,188,1,2025-11-17
70,33,2025-11-17 13:58:54,2025-11-17 16:59:54,68.05571428571429,charcoal,10314,181.0,151,1,2025-11-17
72,34,2025-11-17 14:04:03,2025-11-17 14:07:03,40.32,charcoal,10325,3.0,189,0,2025-11-17
253,133,2025-11-17 15:15:08,2025-11-17 19:42:08,73.8813432835821,charcoal,374,267.0,886,0,2025-11-17
77,38,2025-11-17 15:15:44,2025-11-17 18:30:44,61.48887755102041,charcoal,10353,195.0,236,0,2025-11-17
240,123,2025-11-17 15:29:06,2025-11-17 20:40:06,71.1226282051282,charcoal,10302,311.0,852,1,2025-11-17
46,21,2025-11-17 15:54:48,2025-11-17 16:17:48,40.759166666666665,charcoal,10377,23.0,65,0,2025-11-17
228,109,2025-11-17 16:01:28,2025-11-17 16:32:28,44.893125,charcoal,10304,31.0,723,1,2025-11-17
207,99,2025-11-17 16:21:30,2025-11-17 19:12:30,62.22941860465116,charcoal,10374,171.0,594,0,2025-11-17
56,27,2025-11-17 17:11:55,2025-11-17 17:14:55,40.105000000000004,charcoal,10370,3.0,114,1,2025-11-17
70,33,2025-11-17 17:12:54,2025-11-17 17:13:54,40.04,charcoal,10314,1.0,152,1,2025-11-17
56,27,2025-11-17 17:19:55,2025-11-17 17:46:55,42.76428571428572,charcoal,10370,27.0,115,1,2025-11-17
153,74,2025-11-17 17:23:08,2025-11-17 21:22:08,51.443083333333334,charcoal,332,239.0,426,1,2025-11-17
228,109,2025-11-17 17:27:28,2025-11-17 22:12:28,56.317062937062936,charcoal,10304,285.0,724,1,2025-11-17
46,21,2025-11-17 17:36:48,2025-11-17 18:13:48,44.55105263157895,charcoal,10377,37.0,66,1,2025-11-17
109,50,2025-11-17 17:41:40,2025-11-17 20:28:40,54.163333333333334,charcoal,370,167.0,310,1,2025-11-17
231,113,2025-11-17 17:54:45,2025-11-18 01:17:45,61.50684684684685,charcoal,10351,443.0,774,1,2025-11-17
56,27,2025-11-17 18:01:55,2025-11-17 20:48:55,53.58392857142857,charcoal,10370,167.0,116,0,2025-11-17
105,50,2025-11-17 18:33:40,2025-11-17 19:40:40,65.22411764705882,charcoal,370,67.0,291,1,2025-11-17
46,21,2025-11-17 18:36:48,2025-11-17 22:27:48,54.930258620689656,charcoal,10377,231.0,67,1,2025-11-17
230,112,2025-11-17 18:38:05,2025-11-17 21:25:05,53.478452380952376,charcoal,10369,167.0,761,1,2025-11-17
70,33,2025-11-17 18:40:54,2025-11-17 21:43:54,65.02304347826087,charcoal,10314,183.0,153,1,2025-11-17
203,96,2025-11-17 19:01:50,2025-11-17 21:20:50,68.22028571428571,charcoal,10318,139.0,549,1,2025-11-17
136,66,2025-11-17 19:10:08,2025-11-17 21:29:08,52.08685714285714,charcoal,359,139.0,359,1,2025-11-17
148,73,2025-11-17 19:19:47,2025-11-17 21:46:47,65.80324324324324,charcoal,304,147.0,404,1,2025-11-17
143,70,2025-11-17 19:28:53,2025-11-17 21:23:53,69.19172413793103,charcoal,357,115.0,388,0,2025-11-17
149,72,2025-11-17 19:45:47,2025-11-17 21:14:47,48.616888888888894,pellet,304,89.0,412,0,2025-11-17
225,106,2025-11-17 19:49:55,2025-11-17 21:54:55,48.789523809523814,charcoal,10357,125.0,701,1,2025-11-17
77,38,2025-11-17 19:51:44,2025-11-18 00:36:44,56.64258741258742,charcoal,10353,285.0,237,1,2025-11-17
133,64,2025-11-17 20:41:24,2025-11-17 21:08:24,43.955714285714286,pellet,325,27.0,354,1,2025-11-17
72,34,2025-11-17 21:12:03,2025-11-17 22:55:03,43.269807692307694,charcoal,10325,103.0,190,1,2025-11-17
228,109,2025-11-17 22:25:28,2025-11-17 22:30:28,40.449999999999996,charcoal,10304,5.0,725,1,2025-11-17
72,34,2025-11-17 23:00:03,2025-11-17 23:03:03,40.08,charcoal,10325,3.0,191,1,2025-11-17
143,70,2025-11-18 06:08:53,2025-11-18 09:41:53,61.34065420560748,charcoal,357,213.0,389,0,2025-11-18
192,93,2025-11-18 06:54:00,2025-11-18 08:09:00,47.65868421052632,charcoal,302,75.0,535,1,2025-11-18
225,106,2025-11-18 06:55:55,2025-11-18 08:38:55,52.136923076923075,charcoal,10357,103.0,702,1,2025-11-18
70,33,2025-11-18 07:28:54,2025-11-18 09:45:54,55.569710144927534,charcoal,10314,137.0,154,0,2025-11-18
109,50,2025-11-18 07:29:40,2025-11-18 09:50:40,52.26507042253521,charcoal,370,141.0,311,1,2025-11-18
46,21,2025-11-18 07:38:48,2025-11-18 09:37:48,48.486666666666665,charcoal,10377,119.0,68,1,2025-11-18
72,34,2025-11-18 07:58:03,2025-11-18 08:03:03,40.169999999999995,charcoal,10325,5.0,192,1,2025-11-18
240,123,2025-11-18 08:13:06,2025-11-18 08:26:06,40.81857142857143,charcoal,10302,13.0,853,0,2025-11-18
203,96,2025-11-18 08:13:50,2025-11-18 08:58:50,46.84347826086957,charcoal,10318,45.0,550,1,2025-11-18
228,109,2025-11-18 08:41:28,2025-11-18 10:18:28,64.88795918367347,charcoal,10304,97.0,726,1,2025-11-18
192,93,2025-11-18 08:52:00,2025-11-18 11:23:00,52.28578947368421,charcoal,302,151.0,536,0,2025-11-18
72,34,2025-11-18 08:58:03,2025-11-18 09:11:03,40.71142857142858,charcoal,10325,13.0,193,0,2025-11-18
245,126,2025-11-18 09:03:04,2025-11-18 11:06:04,50.928387096774195,charcoal,318,123.0,880,1,2025-11-18
72,34,2025-11-18 09:22:03,2025-11-18 09:25:03,40.230000000000004,charcoal,10325,3.0,194,1,2025-11-18
149,72,2025-11-18 09:23:47,2025-11-18 10:22:47,45.572,pellet,304,59.0,413,0,2025-11-18
225,106,2025-11-18 09:29:55,2025-11-18 11:10:55,48.688235294117646,charcoal,10357,101.0,703,1,2025-11-18
72,34,2025-11-18 09:30:03,2025-11-18 10:17:03,41.964999999999996,charcoal,10325,47.0,195,1,2025-11-18
240,123,2025-11-18 09:31:06,2025-11-18 11:04:06,56.324893617021274,charcoal,10302,93.0,854,0,2025-11-18
70,33,2025-11-18 09:48:54,2025-11-18 09:53:54,40.57666666666666,charcoal,10314,5.0,155,1,2025-11-18
46,21,2025-11-18 10:16:48,2025-11-18 10:33:48,41.48777777777778,charcoal,10377,17.0,69,1,2025-11-18
230,112,2025-11-18 10:18:05,2025-11-18 16:15:05,58.86022346368715,charcoal,10369,357.0,762,1,2025-11-18
72,34,2025-11-18 10:20:03,2025-11-18 10:29:03,40.168,charcoal,10325,9.0,196,1,2025-11-18
228,109,2025-11-18 10:21:28,2025-11-18 12:18:28,48.704406779661014,charcoal,10304,117.0,727,0,2025-11-18
56,27,2025-11-18 11:13:55,2025-11-18 13:36:55,56.79472222222222,charcoal,10370,143.0,117,1,2025-11-18
92,42,2025-11-18 11:16:31,2025-11-18 13:33:31,84.17376811594202,charcoal,10352,137.0,288,0,2025-11-18
153,74,2025-11-18 11:21:08,2025-11-18 14:00:08,53.873000000000005,charcoal,332,159.0,427,1,2025-11-18
192,93,2025-11-18 11:28:00,2025-11-18 19:05:00,59.506550218340614,charcoal,302,457.0,537,1,2025-11-18
240,123,2025-11-18 11:33:06,2025-11-18 19:52:06,68.56172000000001,charcoal,10302,499.0,855,0,2025-11-18
253,133,2025-11-18 11:37:08,2025-11-18 15:08:08,90.68094339622641,charcoal,374,211.0,887,0,2025-11-18
46,21,2025-11-18 11:50:48,2025-11-18 14:53:48,54.60641304347826,charcoal,10377,183.0,70,1,2025-11-18
203,96,2025-11-18 12:03:50,2025-11-18 13:42:50,62.498999999999995,charcoal,10318,99.0,551,0,2025-11-18
228,109,2025-11-18 12:55:28,2025-11-18 16:22:28,50.43826923076923,charcoal,10304,207.0,728,1,2025-11-18
70,33,2025-11-18 13:24:54,2025-11-18 23:07:54,51.60955479452055,charcoal,10314,583.0,156,1,2025-11-18
56,27,2025-11-18 13:39:55,2025-11-18 13:40:55,40.11,charcoal,10370,1.0,118,1,2025-11-18
56,27,2025-11-18 13:43:55,2025-11-18 16:44:55,53.74098901098901,charcoal,10370,181.0,119,0,2025-11-18
161,83,2025-11-18 13:44:04,2025-11-18 16:05:04,60.98830985915493,charcoal,394,141.0,454,1,2025-11-18
245,126,2025-11-18 13:51:04,2025-11-18 14:46:04,57.45964285714285,charcoal,318,55.0,881,0,2025-11-18
207,99,2025-11-18 13:51:30,2025-11-18 17:20:30,56.42047619047619,charcoal,10374,209.0,595,1,2025-11-18
208,100,2025-11-18 14:46:43,2025-11-18 14:55:43,41.036,charcoal,10328,9.0,598,1,2025-11-18
209,100,2025-11-18 14:46:43,2025-11-18 17:01:43,49.26132352941176,charcoal,10328,135.0,626,1,2025-11-18
208,100,2025-11-18 16:02:43,2025-11-18 16:07:43,41.1,charcoal,10328,5.0,599,0,2025-11-18
208,100,2025-11-18 16:10:43,2025-11-18 16:45:43,47.165,charcoal,10328,35.0,600,0,2025-11-18
109,50,2025-11-18 16:27:40,2025-11-19 00:48:40,52.1600796812749,charcoal,370,501.0,312,1,2025-11-18
147,73,2025-11-18 16:41:47,2025-11-18 18:18:47,49.14244897959184,charcoal,304,97.0,395,0,2025-11-18
253,133,2025-11-18 16:49:08,2025-11-18 17:18:08,47.75066666666667,charcoal,374,29.0,888,1,2025-11-18
225,106,2025-11-18 16:59:55,2025-11-18 22:14:55,67.70677215189873,charcoal,10357,315.0,704,1,2025-11-18
46,21,2025-11-18 17:12:48,2025-11-18 20:37:48,49.74155339805825,charcoal,10377,205.0,71,0,2025-11-18
153,74,2025-11-18 17:25:08,2025-11-18 19:34:08,54.11938461538462,charcoal,332,129.0,428,1,2025-11-18
209,100,2025-11-18 18:08:43,2025-11-18 20:41:43,52.01168831168831,charcoal,10328,153.0,627,1,2025-11-18
208,100,2025-11-18 18:12:43,2025-11-18 18:55:43,44.533181818181816,charcoal,10328,43.0,601,0,2025-11-18
91,41,2025-11-18 18:13:28,2025-11-18 19:54:28,50.43764705882353,charcoal,10301,101.0,274,0,2025-11-18
230,112,2025-11-18 18:20:05,2025-11-18 20:29:05,46.02123076923077,charcoal,10369,129.0,763,1,2025-11-18
56,27,2025-11-18 18:23:55,2025-11-18 20:36:55,52.627910447761195,charcoal,10370,133.0,120,1,2025-11-18
228,109,2025-11-18 18:39:28,2025-11-18 22:24:28,55.83654867256637,charcoal,10304,225.0,729,1,2025-11-18
203,96,2025-11-18 18:55:50,2025-11-18 21:38:50,70.76219512195122,charcoal,10318,163.0,552,0,2025-11-18
253,133,2025-11-18 19:03:08,2025-11-18 19:58:08,43.019999999999996,charcoal,374,55.0,889,1,2025-11-18
192,93,2025-11-18 19:12:00,2025-11-18 19:13:00,40.13,charcoal,302,1.0,538,1,2025-11-18
143,70,2025-11-18 19:16:53,2025-11-18 20:21:53,59.60575757575758,charcoal,357,65.0,390,0,2025-11-18
192,93,2025-11-18 19:20:00,2025-11-18 19:31:00,40.559999999999995,charcoal,302,11.0,539,1,2025-11-18
147,73,2025-11-18 19:23:47,2025-11-18 20:58:47,49.53333333333333,charcoal,304,95.0,396,0,2025-11-18
207,99,2025-11-18 19:31:30,2025-11-18 21:34:30,58.696612903225805,charcoal,10374,123.0,596,0,2025-11-18
192,93,2025-11-18 19:42:00,2025-11-18 21:15:00,42.356808510638295,charcoal,302,93.0,540,0,2025-11-18
161,83,2025-11-18 19:52:04,2025-11-19 01:23:04,57.94102409638554,charcoal,394,331.0,455,0,2025-11-18
163,83,2025-11-18 20:16:04,2025-11-18 21:49:04,55.0995744680851,charcoal,394,93.0,467,0,2025-11-18
245,126,2025-11-18 21:05:04,2025-11-18 22:22:04,49.77102564102564,charcoal,318,77.0,882,0,2025-11-18
153,74,2025-11-18 21:11:08,2025-11-18 21:44:08,41.6135294117647,charcoal,332,33.0,429,0,2025-11-18
147,73,2025-11-18 22:33:47,2025-11-19 00:04:47,46.27413043478261,charcoal,304,91.0,397,0,2025-11-18
70,33,2025-11-18 23:12:54,2025-11-18 23:21:54,40.314,charcoal,10314,9.0,157,1,2025-11-18
46,21,2025-11-19 06:08:48,2025-11-19 07:59:48,45.83107142857143,charcoal,10377,111.0,72,1,2025-11-19
192,93,2025-11-19 06:14:00,2025-11-19 09:45:00,50.56962264150943,charcoal,302,211.0,541,1,2025-11-19
225,106,2025-11-19 06:39:55,2025-11-19 08:42:55,57.372903225806446,charcoal,10357,123.0,705,0,2025-11-19
253,133,2025-11-19 06:53:08,2025-11-19 08:36:08,67.58538461538461,charcoal,374,103.0,890,0,2025-11-19
109,50,2025-11-19 07:13:40,2025-11-19 08:22:40,48.07457142857143,charcoal,370,69.0,313,1,2025-11-19
143,70,2025-11-19 07:50:53,2025-11-19 12:09:53,52.455999999999996,charcoal,357,259.0,391,0,2025-11-19
70,33,2025-11-19 08:00:54,2025-11-19 11:59:54,60.30433333333334,charcoal,10314,239.0,158,0,2025-11-19
245,126,2025-11-19 08:31:04,2025-11-19 09:58:04,50.283181818181816,charcoal,318,87.0,883,0,2025-11-19
228,109,2025-11-19 08:53:28,2025-11-19 10:50:28,53.68372881355933,charcoal,10304,117.0,730,0,2025-11-19
190,93,2025-11-19 09:02:00,2025-11-19 16:09:00,56.313971962616826,charcoal,302,427.0,514,0,2025-11-19
209,100,2025-11-19 09:02:43,2025-11-19 20:17:43,58.56766272189349,charcoal,10328,675.0,628,0,2025-11-19
225,106,2025-11-19 09:29:55,2025-11-19 09:42:55,41.83857142857143,charcoal,10357,13.0,706,0,2025-11-19
230,112,2025-11-19 09:46:05,2025-11-19 11:11:05,47.583255813953485,charcoal,10369,85.0,764,1,2025-11-19
192,93,2025-11-19 09:58:00,2025-11-19 10:53:00,43.621785714285714,charcoal,302,55.0,542,1,2025-11-19
225,106,2025-11-19 10:15:55,2025-11-19 13:28:55,54.49340206185567,charcoal,10357,193.0,707,0,2025-11-19
56,27,2025-11-19 10:21:55,2025-11-19 12:04:55,46.207884615384614,charcoal,10370,103.0,121,1,2025-11-19
46,21,2025-11-19 10:50:48,2025-11-19 13:51:48,51.36857142857143,charcoal,10377,181.0,73,0,2025-11-19
203,96,2025-11-19 11:11:50,2025-11-19 12:58:50,58.97925925925926,charcoal,10318,107.0,553,0,2025-11-19
228,109,2025-11-19 11:31:28,2025-11-19 14:46:28,59.69510204081632,charcoal,10304,195.0,731,0,2025-11-19
153,74,2025-11-19 11:55:08,2025-11-19 15:02:08,56.12042553191489,charcoal,332,187.0,430,1,2025-11-19
161,83,2025-11-19 12:18:04,2025-11-19 17:43:04,66.9878527607362,charcoal,394,325.0,456,0,2025-11-19
253,133,2025-11-19 12:33:08,2025-11-19 16:22:08,72.01026086956522,charcoal,374,229.0,891,0,2025-11-19
158,79,2025-11-19 13:18:41,2025-11-19 21:43:41,78.59762845849802,charcoal,10495,505.0,439,0,2025-11-19
70,33,2025-11-19 13:22:54,2025-11-19 16:25:54,56.20478260869565,charcoal,10314,183.0,159,1,2025-11-19
208,100,2025-11-19 14:32:43,2025-11-19 17:15:43,51.32073170731707,charcoal,10328,163.0,602,0,2025-11-19
119,54,2025-11-19 15:01:45,2025-11-19 21:24:45,53.96364583333334,charcoal,10425,383.0,331,0,2025-11-19
228,109,2025-11-19 15:29:28,2025-11-19 21:22:28,55.08581920903955,charcoal,10304,353.0,732,1,2025-11-19
91,41,2025-11-19 15:49:28,2025-11-19 18:22:28,52.402857142857144,charcoal,10301,153.0,275,0,2025-11-19
243,124,2025-11-19 16:11:40,2025-11-19 18:00:40,55.27981818181818,charcoal,10419,109.0,874,0,2025-11-19
163,83,2025-11-19 17:02:04,2025-11-19 20:11:04,61.560842105263156,charcoal,394,189.0,468,1,2025-11-19
190,93,2025-11-19 17:12:00,2025-11-19 19:23:00,48.79,charcoal,302,131.0,515,1,2025-11-19
70,33,2025-11-19 17:18:54,2025-11-19 22:07:54,59.226206896551716,charcoal,10314,289.0,160,1,2025-11-19
208,100,2025-11-19 17:20:43,2025-11-19 20:47:43,52.01721153846154,charcoal,10328,207.0,603,1,2025-11-19
153,74,2025-11-19 17:47:08,2025-11-19 20:22:08,53.37320512820512,charcoal,332,155.0,431,0,2025-11-19
203,96,2025-11-19 18:03:50,2025-11-19 21:14:50,67.62229166666667,charcoal,10318,191.0,554,0,2025-11-19
46,21,2025-11-19 18:14:48,2025-11-19 21:25:48,51.85104166666667,charcoal,10377,191.0,74,0,2025-11-19
243,124,2025-11-19 18:31:40,2025-11-19 21:56:40,55.003592233009705,charcoal,10419,205.0,875,1,2025-11-19
207,99,2025-11-19 18:55:30,2025-11-19 21:06:30,58.53818181818182,charcoal,10374,131.0,597,1,2025-11-19
143,70,2025-11-19 19:10:53,2025-11-19 19:39:53,45.510666666666665,charcoal,357,29.0,392,1,2025-11-19
225,106,2025-11-19 19:19:55,2025-11-19 22:46:55,57.333173076923075,charcoal,10357,207.0,708,0,2025-11-19
209,100,2025-11-19 20:26:43,2025-11-19 21:31:43,59.876363636363635,charcoal,10328,65.0,629,0,2025-11-19
153,74,2025-11-19 20:29:08,2025-11-19 20:40:08,40.13666666666666,charcoal,332,11.0,432,0,2025-11-19
253,133,2025-11-19 20:33:08,2025-11-19 22:26:08,45.52807017543859,charcoal,374,113.0,892,1,2025-11-19
149,72,2025-11-19 20:37:47,2025-11-19 21:18:47,43.90857142857143,pellet,304,41.0,414,1,2025-11-19
46,21,2025-11-19 21:34:48,2025-11-19 21:55:48,40.93727272727273,charcoal,10377,21.0,75,1,2025-11-19
70,33,2025-11-19 22:22:54,2025-11-19 22:29:54,40.375,charcoal,10314,7.0,161,0,2025-11-19
149,72,2025-11-19 22:57:47,2025-11-20 00:12:47,46.300000000000004,pellet,304,75.0,415,1,2025-11-19
118,54,2025-11-20 06:37:45,2025-11-20 15:30:45,71.3850936329588,charcoal,10425,533.0,316,1,2025-11-20
46,21,2025-11-20 06:38:48,2025-11-20 07:35:48,42.133448275862065,charcoal,10377,57.0,76,1,2025-11-20
225,106,2025-11-20 06:39:55,2025-11-20 11:40:55,57.33423841059602,charcoal,10357,301.0,709,0,2025-11-20
70,33,2025-11-20 07:16:54,2025-11-20 11:01:54,55.16672566371682,charcoal,10314,225.0,162,0,2025-11-20
119,54,2025-11-20 07:47:45,2025-11-20 13:04:45,59.40823899371069,charcoal,10425,317.0,332,1,2025-11-20
203,96,2025-11-20 08:09:50,2025-11-20 09:18:50,57.33257142857143,charcoal,10318,69.0,555,1,2025-11-20
149,72,2025-11-20 08:11:47,2025-11-20 08:58:47,45.57541666666666,pellet,304,47.0,416,1,2025-11-20
228,109,2025-11-20 08:13:28,2025-11-20 11:10:28,51.98932584269663,charcoal,10304,177.0,733,1,2025-11-20
158,79,2025-11-20 08:30:41,2025-11-20 16:25:41,77.42781512605042,charcoal,10495,475.0,440,1,2025-11-20
240,123,2025-11-20 08:47:06,2025-11-20 15:39:06,63.228232445520575,charcoal,10302,412.0,856,1,2025-11-20
192,93,2025-11-20 08:48:00,2025-11-20 13:49:00,50.996953642384106,charcoal,302,301.0,543,0,2025-11-20
153,74,2025-11-20 09:05:08,2025-11-20 10:14:08,50.38428571428572,charcoal,332,69.0,433,0,2025-11-20
209,100,2025-11-20 09:22:43,2025-11-20 12:55:43,52.854018691588784,charcoal,10328,213.0,630,1,2025-11-20
143,70,2025-11-20 10:42:53,2025-11-20 13:07:53,50.76013698630137,charcoal,357,145.0,393,1,2025-11-20
70,33,2025-11-20 11:12:54,2025-11-20 11:35:54,40.37833333333333,charcoal,10314,23.0,163,1,2025-11-20
153,74,2025-11-20 11:45:08,2025-11-20 14:58:08,50.750103092783505,charcoal,332,193.0,434,0,2025-11-20
52,26,2025-11-20 11:55:48,2025-11-20 11:58:48,40.235,pellet,476,3.0,93,1,2025-11-20
203,96,2025-11-20 12:31:50,2025-11-20 13:52:50,75.4070731707317,charcoal,10318,81.0,556,1,2025-11-20
43,18,2025-11-20 13:01:33,2025-11-20 14:26:33,45.24488372093023,charcoal,10510,85.0,13,1,2025-11-20
228,109,2025-11-20 13:03:28,2025-11-20 16:30:28,49.71759615384615,charcoal,10304,207.0,734,1,2025-11-20
70,33,2025-11-20 13:08:54,2025-11-20 16:35:54,60.04307692307692,charcoal,10314,207.0,164,0,2025-11-20
225,106,2025-11-20 13:11:55,2025-11-20 14:52:55,61.6535294117647,charcoal,10357,101.0,710,1,2025-11-20
119,54,2025-11-20 13:45:45,2025-11-20 14:58:45,48.65702702702703,charcoal,10425,73.0,333,1,2025-11-20
209,100,2025-11-20 13:58:43,2025-11-20 15:17:43,47.80425,charcoal,10328,79.0,631,1,2025-11-20
119,54,2025-11-20 15:09:45,2025-11-20 16:34:45,45.21511627906977,charcoal,10425,85.0,334,0,2025-11-20
153,74,2025-11-20 15:25:08,2025-11-20 15:48:08,44.87166666666667,charcoal,332,23.0,435,0,2025-11-20
208,100,2025-11-20 15:26:43,2025-11-20 16:21:43,48.89821428571429,charcoal,10328,55.0,604,1,2025-11-20
242,124,2025-11-20 15:35:40,2025-11-20 16:48:40,48.38081081081081,charcoal,10419,73.0,859,1,2025-11-20
209,100,2025-11-20 15:36:43,2025-11-20 16:21:43,43.702608695652174,charcoal,10328,45.0,632,1,2025-11-20
149,72,2025-11-20 15:49:47,2025-11-20 16:30:47,44.667142857142856,pellet,304,41.0,417,1,2025-11-20
243,124,2025-11-20 16:11:40,2025-11-20 17:54:40,49.409807692307695,charcoal,10419,103.0,876,1,2025-11-20
158,79,2025-11-20 16:58:41,2025-11-20 22:13:41,77.81981012658228,charcoal,10495,315.0,441,1,2025-11-20
225,106,2025-11-20 17:01:55,2025-11-20 21:18:55,63.66038759689923,charcoal,10357,257.0,711,0,2025-11-20
65,29,2025-11-20 17:07:32,2025-11-20 19:58:32,61.04604651162791,charcoal,425,171.0,122,1,2025-11-20
209,100,2025-11-20 17:26:43,2025-11-20 18:27:43,47.77258064516129,charcoal,10328,61.0,633,1,2025-11-20
208,100,2025-11-20 17:48:43,2025-11-20 20:57:43,49.01421052631579,charcoal,10328,189.0,605,1,2025-11-20
153,74,2025-11-20 18:05:08,2025-11-20 20:18:08,49.59776119402985,charcoal,332,133.0,436,0,2025-11-20
228,109,2025-11-20 18:07:28,2025-11-20 22:46:28,56.91957142857143,charcoal,10304,279.0,735,1,2025-11-20
70,33,2025-11-20 18:44:54,2025-11-20 21:15:54,60.473947368421044,charcoal,10314,151.0,165,0,2025-11-20
147,73,2025-11-20 18:55:47,2025-11-20 19:48:47,50.955555555555556,charcoal,304,53.0,398,0,2025-11-20
203,96,2025-11-20 18:57:50,2025-11-20 21:36:50,70.472375,charcoal,10318,159.0,557,0,2025-11-20
68,32,2025-11-20 19:01:13,2025-11-20 21:58:13,51.23314606741573,charcoal,10378,177.0,128,1,2025-11-20
119,54,2025-11-20 19:15:45,2025-11-20 22:34:45,56.306099999999994,charcoal,10425,199.0,335,1,2025-11-20
143,70,2025-11-20 19:50:53,2025-11-20 20:31:53,54.20571428571428,charcoal,357,41.0,394,1,2025-11-20
43,18,2025-11-20 20:27:33,2025-11-20 22:36:33,46.418,charcoal,10510,129.0,14,1,2025-11-20
245,126,2025-11-20 20:49:04,2025-11-20 21:48:04,49.480000000000004,charcoal,318,59.0,884,1,2025-11-20
208,100,2025-11-20 21:38:43,2025-11-20 23:51:43,53.299253731343285,charcoal,10328,133.0,606,1,2025-11-20
68,32,2025-11-21 06:19:13,2025-11-21 08:46:13,51.804189189189195,charcoal,10378,147.0,129,0,2025-11-21
225,106,2025-11-21 07:03:55,2025-11-21 08:04:55,43.82290322580645,charcoal,10357,61.0,712,1,2025-11-21
118,54,2025-11-21 07:29:45,2025-11-21 18:32:45,72.19560240963855,charcoal,10425,663.0,317,1,2025-11-21
209,100,2025-11-21 07:32:43,2025-11-21 08:27:43,52.01428571428572,charcoal,10328,55.0,634,0,2025-11-21
70,33,2025-11-21 07:58:54,2025-11-21 10:11:54,47.43283582089552,charcoal,10314,133.0,166,0,2025-11-21
228,109,2025-11-21 08:45:28,2025-11-21 11:18:28,53.20883116883117,charcoal,10304,153.0,736,1,2025-11-21
209,100,2025-11-21 08:48:43,2025-11-21 17:33:43,52.569011406844105,charcoal,10328,525.0,635,1,2025-11-21
153,74,2025-11-21 09:19:08,2025-11-21 10:20:08,44.44741935483871,charcoal,332,61.0,437,1,2025-11-21
203,96,2025-11-21 09:43:50,2025-11-21 14:16:50,62.07116788321168,charcoal,10318,273.0,558,1,2025-11-21
136,66,2025-11-21 10:36:08,2025-11-21 12:47:08,53.914242424242424,charcoal,359,131.0,360,0,2025-11-21
70,33,2025-11-21 10:42:54,2025-11-21 13:53:54,56.052812499999995,charcoal,10314,191.0,167,1,2025-11-21
43,18,2025-11-21 10:57:33,2025-11-21 13:00:33,47.61790322580645,charcoal,10510,123.0,15,1,2025-11-21
242,124,2025-11-21 10:57:40,2025-11-21 13:16:40,53.010714285714286,charcoal,10419,139.0,860,0,2025-11-21
153,74,2025-11-21 11:27:08,2025-11-21 12:32:08,69.38060606060606,charcoal,332,65.0,438,0,2025-11-21
161,83,2025-11-21 12:44:04,2025-11-21 16:45:04,66.46462809917355,charcoal,394,241.0,457,1,2025-11-21
68,32,2025-11-21 12:49:13,2025-11-21 19:56:13,57.93682242990654,charcoal,10378,427.0,130,1,2025-11-21
45,20,2025-11-21 12:53:43,2025-11-21 14:38:43,46.54528301886793,charcoal,10341,105.0,33,0,2025-11-21
225,106,2025-11-21 13:37:55,2025-11-21 14:44:55,68.1179411764706,charcoal,10357,67.0,713,0,2025-11-21
158,79,2025-11-21 13:42:41,2025-11-21 19:33:41,75.92840909090908,charcoal,10495,351.0,442,1,2025-11-21
229,110,2025-11-21 14:17:41,2025-11-21 18:44:41,59.35977611940299,charcoal,10332,267.0,737,0,2025-11-21
208,100,2025-11-21 14:18:43,2025-11-21 14:27:43,41.422,charcoal,10328,9.0,607,0,2025-11-21
48,24,2025-11-21 14:22:55,2025-11-21 23:15:55,44.88543071161049,charcoal,482,533.0,77,1,2025-11-21
119,54,2025-11-21 14:29:45,2025-11-21 15:36:45,46.66852941176471,charcoal,10425,67.0,336,0,2025-11-21
208,100,2025-11-21 14:40:43,2025-11-21 15:19:43,43.701499999999996,charcoal,10328,39.0,608,1,2025-11-21
74,35,2025-11-21 14:53:54,2025-11-21 15:52:54,42.74166666666667,charcoal,10338,59.0,197,0,2025-11-21
242,124,2025-11-21 14:57:40,2025-11-21 17:06:40,58.49230769230769,charcoal,10419,129.0,861,0,2025-11-21
208,100,2025-11-21 15:24:43,2025-11-21 16:05:43,43.8352380952381,charcoal,10328,41.0,609,0,2025-11-21
119,54,2025-11-21 15:43:45,2025-11-21 18:04:45,50.76422535211268,charcoal,10425,141.0,337,1,2025-11-21
208,100,2025-11-21 16:16:43,2025-11-21 16:31:43,41.32,charcoal,10328,15.0,610,1,2025-11-21
209,100,2025-11-21 17:38:43,2025-11-21 21:23:43,48.09548672566372,charcoal,10328,225.0,636,1,2025-11-21
119,54,2025-11-21 18:23:45,2025-11-21 22:18:45,51.33983050847458,charcoal,10425,235.0,338,0,2025-11-21
242,124,2025-11-21 18:31:40,2025-11-21 20:54:40,72.17277777777777,charcoal,10419,143.0,862,0,2025-11-21
3,3,2025-11-21 18:32:59,2025-11-21 21:43:59,63.89791666666667,charcoal,365,191.0,2,0,2025-11-21
70,33,2025-11-21 18:36:54,2025-11-21 23:15:54,49.40221428571428,charcoal,10314,279.0,168,1,2025-11-21
74,35,2025-11-21 18:37:54,2025-11-21 22:32:54,59.05940677966102,charcoal,10338,235.0,198,1,2025-11-21
208,100,2025-11-21 18:44:43,2025-11-21 19:05:43,41.32090909090909,charcoal,10328,21.0,611,0,2025-11-21
171,86,2025-11-21 19:04:49,2025-11-21 21:53:49,62.03611764705882,charcoal,334,169.0,482,1,2025-11-21
52,26,2025-11-21 19:25:48,2025-11-21 19:50:48,41.526153846153846,pellet,476,25.0,94,0,2025-11-21
208,100,2025-11-21 19:30:43,2025-11-21 19:33:43,40.17,charcoal,10328,3.0,612,1,2025-11-21
161,83,2025-11-21 19:32:04,2025-11-21 21:23:04,57.93892857142857,charcoal,394,111.0,458,0,2025-11-21
239,121,2025-11-21 19:35:26,2025-11-21 21:14:26,44.0774,charcoal,10334,99.0,818,0,2025-11-21
158,79,2025-11-21 19:40:41,2025-11-21 21:55:41,85.53014705882353,charcoal,10495,135.0,443,1,2025-11-21
43,18,2025-11-21 19:43:33,2025-11-21 21:14:33,52.77978260869565,charcoal,10510,91.0,16,1,2025-11-21
229,110,2025-11-21 19:59:41,2025-11-22 00:36:41,65.6211510791367,charcoal,10332,277.0,738,1,2025-11-21
203,96,2025-11-21 20:13:50,2025-11-21 22:06:50,59.82350877192982,charcoal,10318,113.0,559,0,2025-11-21
208,100,2025-11-21 20:36:43,2025-11-21 20:43:43,40.96,charcoal,10328,7.0,613,0,2025-11-21
161,83,2025-11-21 22:04:04,2025-11-21 23:15:04,49.23527777777778,charcoal,394,71.0,459,0,2025-11-21
209,100,2025-11-22 06:46:43,2025-11-22 16:45:43,56.013866666666665,charcoal,10328,599.0,637,0,2025-11-22
119,54,2025-11-22 06:51:45,2025-11-22 11:08:45,54.01279069767442,charcoal,10425,257.0,339,0,2025-11-22
3,3,2025-11-22 07:12:59,2025-11-22 11:55:59,57.956408450704224,charcoal,365,283.0,3,1,2025-11-22
171,86,2025-11-22 07:14:49,2025-11-22 14:05:49,68.23825242718446,charcoal,334,411.0,483,0,2025-11-22
203,96,2025-11-22 07:17:50,2025-11-22 08:04:50,42.40625,charcoal,10318,47.0,560,1,2025-11-22
229,110,2025-11-22 07:59:41,2025-11-22 11:52:41,57.99213675213675,charcoal,10332,233.0,739,1,2025-11-22
68,32,2025-11-22 08:47:13,2025-11-22 15:38:13,54.60660194174758,charcoal,10378,411.0,131,0,2025-11-22
208,100,2025-11-22 08:56:43,2025-11-22 16:39:43,56.65340517241379,charcoal,10328,463.0,614,1,2025-11-22
239,121,2025-11-22 09:03:26,2025-11-22 10:28:26,45.74023255813953,charcoal,10334,85.0,819,0,2025-11-22
45,20,2025-11-22 09:41:43,2025-11-22 09:48:43,41.614999999999995,charcoal,10341,7.0,34,1,2025-11-22
74,35,2025-11-22 10:05:54,2025-11-22 13:06:54,47.03901098901099,charcoal,10338,181.0,199,1,2025-11-22
43,18,2025-11-22 10:09:33,2025-11-22 10:20:33,43.36666666666667,charcoal,10510,11.0,17,0,2025-11-22
45,20,2025-11-22 10:13:43,2025-11-22 17:48:43,62.15951754385965,charcoal,10341,455.0,35,0,2025-11-22
158,79,2025-11-22 10:58:41,2025-11-22 11:09:41,42.30833333333333,charcoal,10495,11.0,444,1,2025-11-22
43,18,2025-11-22 11:07:33,2025-11-22 11:20:33,42.451428571428565,charcoal,10510,13.0,18,1,2025-11-22
119,54,2025-11-22 11:31:45,2025-11-22 17:28:45,57.656871508379886,charcoal,10425,357.0,340,1,2025-11-22
158,79,2025-11-22 11:36:41,2025-11-22 22:21:41,84.17541795665635,charcoal,10495,645.0,445,1,2025-11-22
43,18,2025-11-22 11:49:33,2025-11-22 11:52:33,40.48,charcoal,10510,3.0,19,0,2025-11-22
43,18,2025-11-22 11:57:33,2025-11-22 12:10:33,42.034285714285716,charcoal,10510,13.0,20,0,2025-11-22
43,18,2025-11-22 12:21:33,2025-11-22 13:38:33,46.765897435897436,charcoal,10510,77.0,21,1,2025-11-22
239,121,2025-11-22 12:25:26,2025-11-22 16:08:26,49.82794642857142,charcoal,10334,223.0,820,1,2025-11-22
118,54,2025-11-22 12:27:45,2025-11-22 12:36:45,41.132,charcoal,10425,9.0,318,1,2025-11-22
242,124,2025-11-22 12:29:40,2025-11-22 16:24:40,64.65127118644068,charcoal,10419,235.0,863,0,2025-11-22
118,54,2025-11-22 12:57:45,2025-11-22 18:38:45,75.65070175438596,charcoal,10425,341.0,319,0,2025-11-22
74,35,2025-11-22 13:21:54,2025-11-22 13:30:54,40.55,charcoal,10338,9.0,200,0,2025-11-22
74,35,2025-11-22 13:45:54,2025-11-22 17:54:54,62.078559999999996,charcoal,10338,249.0,201,0,2025-11-22
229,110,2025-11-22 14:47:41,2025-11-22 15:38:41,47.48423076923076,charcoal,10332,51.0,740,1,2025-11-22
235,118,2025-11-22 15:46:12,2025-11-22 16:11:12,43.25615384615385,charcoal,10394,25.0,775,0,2025-11-22
3,3,2025-11-22 17:06:59,2025-11-22 23:11:59,81.65289617486339,charcoal,365,365.0,4,0,2025-11-22
209,100,2025-11-22 17:08:43,2025-11-22 20:27:43,51.3929,charcoal,10328,199.0,638,1,2025-11-22
68,32,2025-11-22 18:03:13,2025-11-22 20:38:13,67.47999999999999,charcoal,10378,155.0,132,0,2025-11-22
208,100,2025-11-22 18:16:43,2025-11-22 21:05:43,45.87905882352941,charcoal,10328,169.0,615,1,2025-11-22
235,118,2025-11-22 18:18:12,2025-11-22 22:19:12,51.27809917355371,charcoal,10394,241.0,776,1,2025-11-22
161,83,2025-11-22 18:24:04,2025-11-22 21:25:04,68.79296703296703,charcoal,394,181.0,460,0,2025-11-22
204,97,2025-11-22 18:28:12,2025-11-23 00:27:12,74.80694444444444,charcoal,10311,359.0,561,0,2025-11-22
118,54,2025-11-22 18:45:45,2025-11-22 18:52:45,40.3025,charcoal,10425,7.0,320,1,2025-11-22
74,35,2025-11-22 18:55:54,2025-11-22 22:24:54,58.26647619047618,charcoal,10338,209.0,202,0,2025-11-22
242,124,2025-11-22 19:01:40,2025-11-22 22:00:40,62.59177777777778,charcoal,10419,179.0,864,1,2025-11-22
239,121,2025-11-22 19:13:26,2025-11-23 01:48:26,49.17732323232323,charcoal,10334,395.0,821,0,2025-11-22
65,29,2025-11-22 19:45:32,2025-11-22 23:06:32,63.26930693069307,charcoal,425,201.0,123,1,2025-11-22
43,18,2025-11-22 19:47:33,2025-11-22 22:06:33,54.31728571428572,charcoal,10510,139.0,22,0,2025-11-22
118,54,2025-11-22 19:47:45,2025-11-22 23:22:45,57.60388888888889,charcoal,10425,215.0,321,0,2025-11-22
48,24,2025-11-22 19:50:55,2025-11-22 21:45:55,43.572758620689655,charcoal,482,115.0,78,0,2025-11-22
171,86,2025-11-22 19:58:49,2025-11-22 23:29:49,66.69292452830189,charcoal,334,211.0,484,0,2025-11-22
45,20,2025-11-22 20:03:43,2025-11-22 22:34:43,53.5746052631579,charcoal,10341,151.0,36,0,2025-11-22
229,110,2025-11-22 20:45:41,2025-11-22 22:06:41,72.91146341463414,charcoal,10332,81.0,741,1,2025-11-22
171,86,2025-11-23 06:02:49,2025-11-23 10:45:49,70.79556338028169,charcoal,334,283.0,485,1,2025-11-23
204,97,2025-11-23 06:14:12,2025-11-23 09:57:12,61.42080357142857,charcoal,10311,223.0,562,1,2025-11-23
208,100,2025-11-23 07:00:43,2025-11-23 07:51:43,43.275000000000006,charcoal,10328,51.0,616,1,2025-11-23
65,29,2025-11-23 07:05:32,2025-11-23 09:46:32,75.83666666666667,charcoal,425,161.0,124,1,2025-11-23
239,121,2025-11-23 07:13:26,2025-11-23 08:14:26,42.299354838709675,charcoal,10334,61.0,822,0,2025-11-23
118,54,2025-11-23 07:13:45,2025-11-23 10:38:45,71.13669902912622,charcoal,10425,205.0,322,0,2025-11-23
229,110,2025-11-23 07:59:41,2025-11-23 09:40:41,69.07960784313725,charcoal,10332,101.0,742,1,2025-11-23
68,32,2025-11-23 08:03:13,2025-11-23 20:24:13,54.464555256064685,charcoal,10378,741.0,133,0,2025-11-23
161,83,2025-11-23 08:22:04,2025-11-23 09:49:04,51.92090909090909,charcoal,394,87.0,461,0,2025-11-23
208,100,2025-11-23 08:22:43,2025-11-23 16:09:43,58.080897435897434,charcoal,10328,467.0,617,0,2025-11-23
239,121,2025-11-23 08:39:26,2025-11-23 14:22:26,50.80383720930233,charcoal,10334,343.0,823,0,2025-11-23
235,118,2025-11-23 08:44:12,2025-11-23 20:29:12,56.706430594900844,charcoal,10394,705.0,777,0,2025-11-23
209,100,2025-11-23 09:02:43,2025-11-23 13:13:43,63.616031746031744,charcoal,10328,251.0,639,0,2025-11-23
43,18,2025-11-23 09:07:33,2025-11-23 11:22:33,51.771764705882354,charcoal,10510,135.0,23,0,2025-11-23
74,35,2025-11-23 10:09:54,2025-11-23 14:46:54,54.3946762589928,charcoal,10338,277.0,203,1,2025-11-23
161,83,2025-11-23 10:34:04,2025-11-23 10:35:04,40.78,charcoal,394,1.0,462,1,2025-11-23
118,54,2025-11-23 10:51:45,2025-11-23 10:52:45,40.05,charcoal,10425,1.0,323,0,2025-11-23
118,54,2025-11-23 10:55:45,2025-11-23 15:52:45,68.63590604026845,charcoal,10425,297.0,324,1,2025-11-23
45,20,2025-11-23 11:25:43,2025-11-23 15:24:43,48.63016666666667,charcoal,10341,239.0,37,1,2025-11-23
50,24,2025-11-23 12:20:55,2025-11-23 14:23:55,43.91209677419355,charcoal,482,123.0,91,1,2025-11-23
48,24,2025-11-23 12:48:55,2025-11-23 16:13:55,46.61728155339806,charcoal,482,205.0,79,1,2025-11-23
158,79,2025-11-23 13:02:41,2025-11-23 18:57:41,73.48983146067415,charcoal,10495,355.0,446,1,2025-11-23
161,83,2025-11-23 13:06:04,2025-11-23 16:27:04,60.69396039603961,charcoal,394,201.0,463,0,2025-11-23
3,3,2025-11-23 13:12:59,2025-11-23 17:41:59,66.76244444444444,charcoal,365,269.0,5,1,2025-11-23
204,97,2025-11-23 13:16:12,2025-11-23 16:11:12,77.48477272727273,charcoal,10311,175.0,563,0,2025-11-23
209,100,2025-11-23 14:16:43,2025-11-23 16:03:43,44.90722222222222,charcoal,10328,107.0,640,0,2025-11-23
2,2,2025-11-23 14:48:59,2025-11-23 15:15:59,41.34214285714285,pellet,365,27.0,0,1,2025-11-23
229,110,2025-11-23 15:17:41,2025-11-23 18:52:41,67.38666666666667,charcoal,10332,215.0,743,1,2025-11-23
242,124,2025-11-23 15:49:40,2025-11-23 17:38:40,66.83872727272727,charcoal,10419,109.0,865,1,2025-11-23
208,100,2025-11-23 16:14:43,2025-11-23 19:59:43,55.79345132743363,charcoal,10328,225.0,618,1,2025-11-23
171,86,2025-11-23 16:22:49,2025-11-24 00:23:49,70.12116182572615,charcoal,334,481.0,486,0,2025-11-23
118,54,2025-11-23 16:27:45,2025-11-23 21:36:45,66.17967741935485,charcoal,10425,309.0,325,0,2025-11-23
242,124,2025-11-23 17:41:40,2025-11-23 18:02:40,47.50636363636364,charcoal,10419,21.0,866,1,2025-11-23
209,100,2025-11-23 17:48:43,2025-11-23 18:47:43,47.496,charcoal,10328,59.0,641,1,2025-11-23
242,124,2025-11-23 18:09:40,2025-11-23 21:00:40,58.79976744186046,charcoal,10419,171.0,867,1,2025-11-23
3,3,2025-11-23 18:10:59,2025-11-23 20:09:59,54.6,charcoal,365,119.0,6,1,2025-11-23
74,35,2025-11-23 18:35:54,2025-11-23 23:04:54,61.272222222222226,charcoal,10338,269.0,204,1,2025-11-23
161,83,2025-11-23 19:04:04,2025-11-23 22:03:04,66.90166666666666,charcoal,394,179.0,464,1,2025-11-23
209,100,2025-11-23 19:04:43,2025-11-23 19:57:43,44.392222222222216,charcoal,10328,53.0,642,1,2025-11-23
204,97,2025-11-23 19:28:12,2025-11-23 22:39:12,58.679270833333334,charcoal,10311,191.0,564,1,2025-11-23
43,18,2025-11-23 19:41:33,2025-11-23 22:04:33,56.060833333333335,charcoal,10510,143.0,24,0,2025-11-23
208,100,2025-11-23 20:06:43,2025-11-23 20:33:43,45.44,charcoal,10328,27.0,619,1,2025-11-23
239,121,2025-11-23 20:11:26,2025-11-23 22:08:26,47.28542372881356,charcoal,10334,117.0,824,1,2025-11-23
158,79,2025-11-23 20:28:41,2025-11-23 23:01:41,74.23350649350648,charcoal,10495,153.0,447,1,2025-11-23
229,110,2025-11-23 20:29:41,2025-11-24 00:40:41,53.41452380952381,charcoal,10332,251.0,744,0,2025-11-23
50,24,2025-11-23 20:36:55,2025-11-23 21:49:55,43.4845945945946,charcoal,482,73.0,92,0,2025-11-23
68,32,2025-11-23 20:37:13,2025-11-23 21:14:13,43.996315789473684,charcoal,10378,37.0,134,1,2025-11-23
48,24,2025-11-23 20:40:55,2025-11-23 23:33:55,47.758850574712646,charcoal,482,173.0,80,1,2025-11-23
45,20,2025-11-23 21:11:43,2025-11-23 22:16:43,43.09,charcoal,10341,65.0,38,0,2025-11-23
68,32,2025-11-24 05:55:13,2025-11-24 07:46:13,56.97053571428571,charcoal,10378,111.0,135,0,2025-11-24
204,97,2025-11-24 06:18:12,2025-11-24 08:07:12,54.37854545454546,charcoal,10311,109.0,565,1,2025-11-24
209,100,2025-11-24 06:18:43,2025-11-24 07:43:43,48.556046511627905,charcoal,10328,85.0,643,1,2025-11-24
239,121,2025-11-24 06:21:26,2025-11-24 06:26:26,40.129999999999995,charcoal,10334,5.0,825,1,2025-11-24
239,121,2025-11-24 06:29:26,2025-11-24 06:36:26,40.7775,charcoal,10334,7.0,826,0,2025-11-24
118,54,2025-11-24 06:29:45,2025-11-24 09:46:45,67.77737373737374,charcoal,10425,197.0,326,1,2025-11-24
171,86,2025-11-24 06:30:49,2025-11-24 18:41:49,72.89562841530055,charcoal,334,731.0,487,1,2025-11-24
239,121,2025-11-24 06:39:26,2025-11-24 07:12:26,42.336470588235294,charcoal,10334,33.0,827,0,2025-11-24
74,35,2025-11-24 07:33:54,2025-11-24 11:56:54,54.561136363636365,charcoal,10338,263.0,205,1,2025-11-24
2,2,2025-11-24 07:42:59,2025-11-24 07:49:59,40.815,pellet,365,7.0,1,0,2025-11-24
209,100,2025-11-24 08:08:43,2025-11-24 14:41:43,57.752081218274114,charcoal,10328,393.0,644,1,2025-11-24
235,118,2025-11-24 08:14:12,2025-11-24 11:05:12,58.13476744186047,charcoal,10394,171.0,778,0,2025-11-24
161,83,2025-11-24 08:30:04,2025-11-24 17:33:04,64.7920588235294,charcoal,394,543.0,465,1,2025-11-24
65,29,2025-11-24 09:21:32,2025-11-24 11:48:32,71.66243243243242,charcoal,425,147.0,125,1,2025-11-24
158,79,2025-11-24 09:26:41,2025-11-24 10:51:41,41.88139534883721,charcoal,10495,85.0,448,1,2025-11-24
118,54,2025-11-24 09:55:45,2025-11-24 23:10:45,71.46889447236181,charcoal,10425,795.0,327,1,2025-11-24
158,79,2025-11-24 11:12:41,2025-11-24 11:29:41,40.55444444444444,charcoal,10495,17.0,449,0,2025-11-24
43,18,2025-11-24 11:37:33,2025-11-24 12:54:33,46.86,charcoal,10510,77.0,25,1,2025-11-24
235,118,2025-11-24 11:46:12,2025-11-24 15:33:12,51.18017543859649,charcoal,10394,227.0,779,1,2025-11-24
242,124,2025-11-24 11:57:40,2025-11-24 13:36:40,52.767799999999994,charcoal,10419,99.0,868,0,2025-11-24
239,121,2025-11-24 12:05:26,2025-11-24 14:50:26,52.31060240963855,charcoal,10334,165.0,828,1,2025-11-24
52,26,2025-11-24 12:11:48,2025-11-24 12:32:48,40.97,pellet,476,21.0,95,1,2025-11-24
158,79,2025-11-24 12:22:41,2025-11-24 17:27:41,77.71464052287581,charcoal,10495,305.0,450,1,2025-11-24
48,24,2025-11-24 13:46:55,2025-11-24 17:01:55,44.82479591836734,charcoal,482,195.0,81,1,2025-11-24
229,110,2025-11-24 15:03:41,2025-11-24 18:50:41,62.037894736842105,charcoal,10332,227.0,745,0,2025-11-24
209,100,2025-11-24 15:34:43,2025-11-24 16:07:43,45.40588235294118,charcoal,10328,33.0,645,1,2025-11-24
74,35,2025-11-24 16:11:54,2025-11-24 21:38:54,61.84743902439024,charcoal,10338,327.0,206,0,2025-11-24
209,100,2025-11-24 16:12:43,2025-11-24 16:13:43,40.17,charcoal,10328,1.0,646,1,2025-11-24
209,100,2025-11-24 16:20:43,2025-11-24 17:11:43,44.23846153846154,charcoal,10328,51.0,647,1,2025-11-24
209,100,2025-11-24 17:18:43,2025-11-24 17:39:43,40.92090909090909,charcoal,10328,21.0,648,1,2025-11-24
235,118,2025-11-24 17:44:12,2025-11-24 23:43:12,62.05949999999999,charcoal,10394,359.0,780,0,2025-11-24
158,79,2025-11-24 17:58:41,2025-11-24 21:33:41,87.8812037037037,charcoal,10495,215.0,451,0,2025-11-24
209,100,2025-11-24 18:06:43,2025-11-24 20:57:43,48.24011627906976,charcoal,10328,171.0,649,0,2025-11-24
68,32,2025-11-24 18:07:13,2025-11-24 20:46:13,60.848875,charcoal,10378,159.0,136,1,2025-11-24
204,97,2025-11-24 18:26:12,2025-11-24 22:09:12,63.69758928571429,charcoal,10311,223.0,566,1,2025-11-24
167,84,2025-11-24 18:27:38,2025-11-25 08:00:38,48.34447174447175,charcoal,536,813.0,469,1,2025-11-24
3,3,2025-11-24 18:46:59,2025-11-24 22:09:59,72.23372549019608,charcoal,365,203.0,7,1,2025-11-24
242,124,2025-11-24 19:07:40,2025-11-24 21:10:40,75.07822580645161,charcoal,10419,123.0,869,0,2025-11-24
239,121,2025-11-24 19:19:26,2025-11-24 21:02:26,48.169423076923074,charcoal,10334,103.0,829,1,2025-11-24
236,119,2025-11-24 19:26:42,2025-11-24 21:35:42,68.76123076923076,charcoal,10536,129.0,801,1,2025-11-24
161,83,2025-11-24 19:28:04,2025-11-24 23:17:04,57.142347826086954,charcoal,394,229.0,466,0,2025-11-24
171,86,2025-11-24 19:30:49,2025-11-24 23:15:49,58.690796460177,charcoal,334,225.0,488,0,2025-11-24
45,20,2025-11-24 19:31:43,2025-11-24 20:42:43,49.378888888888895,charcoal,10341,71.0,39,1,2025-11-24
43,18,2025-11-24 19:37:33,2025-11-24 23:26:33,53.59121739130435,charcoal,10510,229.0,26,1,2025-11-24
229,110,2025-11-24 20:13:41,2025-11-24 22:06:41,64.32228070175438,charcoal,10332,113.0,746,0,2025-11-24
208,100,2025-11-24 20:14:43,2025-11-24 20:25:43,42.41833333333333,charcoal,10328,11.0,620,1,2025-11-24
208,100,2025-11-24 20:40:43,2025-11-24 21:21:43,46.78904761904762,charcoal,10328,41.0,621,1,2025-11-24
48,24,2025-11-24 22:16:55,2025-11-24 23:57:55,41.99823529411764,charcoal,482,101.0,82,1,2025-11-24
118,54,2025-11-25 05:49:45,2025-11-25 12:06:45,71.7478835978836,charcoal,10425,377.0,328,0,2025-11-25
204,97,2025-11-25 05:54:12,2025-11-25 08:13:12,62.07085714285714,charcoal,10311,139.0,567,1,2025-11-25
171,86,2025-11-25 06:08:49,2025-11-26 00:27:49,67.11385454545454,charcoal,334,1099.0,489,0,2025-11-25
209,100,2025-11-25 06:10:43,2025-11-25 14:45:43,58.11089147286822,charcoal,10328,515.0,650,1,2025-11-25
68,32,2025-11-25 06:47:13,2025-11-25 08:08:13,57.68,charcoal,10378,81.0,137,1,2025-11-25
239,121,2025-11-25 06:53:26,2025-11-25 08:12:26,46.24325,charcoal,10334,79.0,830,0,2025-11-25
208,100,2025-11-25 07:04:43,2025-11-25 07:45:43,42.6647619047619,charcoal,10328,41.0,622,1,2025-11-25
170,85,2025-11-25 07:35:38,2025-11-25 08:32:38,44.32310344827586,pellet,536,57.0,480,1,2025-11-25
208,100,2025-11-25 07:48:43,2025-11-25 07:51:43,40.535,charcoal,10328,3.0,623,1,2025-11-25
65,29,2025-11-25 07:51:32,2025-11-25 11:12:32,72.58168316831683,charcoal,425,201.0,126,1,2025-11-25
208,100,2025-11-25 08:00:43,2025-11-25 08:39:43,41.019999999999996,charcoal,10328,39.0,624,1,2025-11-25
235,118,2025-11-25 08:26:12,2025-11-25 12:31:12,56.10609756097561,charcoal,10394,245.0,781,1,2025-11-25
167,84,2025-11-25 08:49:38,2025-11-25 08:50:38,40.03,charcoal,536,1.0,470,1,2025-11-25
74,35,2025-11-25 08:59:54,2025-11-25 13:04:54,52.501056910569105,charcoal,10338,245.0,207,1,2025-11-25
43,18,2025-11-25 09:07:33,2025-11-25 10:14:33,47.615,charcoal,10510,67.0,27,1,2025-11-25
167,84,2025-11-25 09:33:38,2025-11-25 14:56:38,58.95666666666666,charcoal,536,323.0,471,1,2025-11-25
236,119,2025-11-25 09:48:42,2025-11-25 12:11:42,56.26611111111111,charcoal,10536,143.0,802,1,2025-11-25
43,18,2025-11-25 10:47:33,2025-11-25 10:56:33,42.160000000000004,charcoal,10510,9.0,28,1,2025-11-25
158,79,2025-11-25 10:56:41,2025-11-25 17:33:41,78.60391959798996,charcoal,10495,397.0,452,0,2025-11-25
119,54,2025-11-25 10:59:45,2025-11-25 12:54:45,69.5005172413793,charcoal,10425,115.0,341,1,2025-11-25
208,100,2025-11-25 11:32:43,2025-11-25 14:45:43,61.31927835051547,charcoal,10328,193.0,625,1,2025-11-25
3,3,2025-11-25 12:14:59,2025-11-25 20:37:59,73.20539682539682,charcoal,365,503.0,8,0,2025-11-25
239,121,2025-11-25 12:57:26,2025-11-25 13:12:26,40.99625,charcoal,10334,15.0,831,0,2025-11-25
242,124,2025-11-25 12:59:40,2025-11-25 15:28:40,54.77173333333334,charcoal,10419,149.0,870,0,2025-11-25
118,54,2025-11-25 13:05:45,2025-11-25 16:20:45,44.66387755102041,charcoal,10425,195.0,329,1,2025-11-25
68,32,2025-11-25 13:15:13,2025-11-25 17:10:13,53.291101694915255,charcoal,10378,235.0,138,0,2025-11-25
239,121,2025-11-25 13:19:26,2025-11-25 13:20:26,40.54,charcoal,10334,1.0,832,0,2025-11-25
239,121,2025-11-25 13:27:26,2025-11-25 13:32:26,41.03333333333333,charcoal,10334,5.0,833,0,2025-11-25
239,121,2025-11-25 13:39:26,2025-11-25 14:32:26,44.364444444444445,charcoal,10334,53.0,834,0,2025-11-25
74,35,2025-11-25 14:07:54,2025-11-25 22:38:54,72.2001953125,charcoal,10338,511.0,208,0,2025-11-25
239,121,2025-11-25 14:39:26,2025-11-25 16:00:26,45.441707317073174,charcoal,10334,81.0,835,1,2025-11-25
140,68,2025-11-25 14:41:57,2025-11-25 18:14:57,60.49514018691588,charcoal,10456,213.0,361,1,2025-11-25
235,118,2025-11-25 14:52:12,2025-11-25 14:55:12,41.66,charcoal,10394,3.0,782,1,2025-11-25
229,110,2025-11-25 15:11:41,2025-11-25 17:20:41,89.67661538461537,charcoal,10332,129.0,747,1,2025-11-25
167,84,2025-11-25 15:19:38,2025-11-25 18:54:38,47.12972222222223,charcoal,536,215.0,472,0,2025-11-25
48,24,2025-11-25 15:34:55,2025-11-25 17:01:55,41.18590909090909,charcoal,482,87.0,83,1,2025-11-25
236,119,2025-11-25 15:58:42,2025-11-25 17:41:42,59.58480769230769,charcoal,10536,103.0,803,0,2025-11-25
239,121,2025-11-25 16:09:26,2025-11-25 17:54:26,49.235849056603776,charcoal,10334,105.0,836,1,2025-11-25
119,54,2025-11-25 16:25:45,2025-11-25 18:22:45,64.2893220338983,charcoal,10425,117.0,342,0,2025-11-25
235,118,2025-11-25 16:42:12,2025-11-25 17:45:12,43.0675,charcoal,10394,63.0,783,0,2025-11-25
242,124,2025-11-25 17:03:40,2025-11-25 21:34:40,74.11029411764706,charcoal,10419,271.0,871,0,2025-11-25
68,32,2025-11-25 17:15:13,2025-11-25 18:06:13,40.803461538461534,charcoal,10378,51.0,139,0,2025-11-25
158,79,2025-11-25 17:52:41,2025-11-25 22:03:41,84.3068253968254,charcoal,10495,251.0,453,1,2025-11-25
235,118,2025-11-25 17:54:12,2025-11-25 18:03:12,40.55,charcoal,10394,9.0,784,0,2025-11-25
68,32,2025-11-25 18:21:13,2025-11-25 20:54:13,43.95246753246754,charcoal,10378,153.0,140,0,2025-11-25
236,119,2025-11-25 18:22:42,2025-11-25 21:15:42,76.09597701149426,charcoal,10536,173.0,804,0,2025-11-25
235,118,2025-11-25 18:26:12,2025-11-25 20:41:12,48.99367647058824,charcoal,10394,135.0,785,1,2025-11-25
119,54,2025-11-25 18:27:45,2025-11-25 18:28:45,40.23,charcoal,10425,1.0,343,0,2025-11-25
119,54,2025-11-25 18:31:45,2025-11-25 18:38:45,40.305,charcoal,10425,7.0,344,1,2025-11-25
119,54,2025-11-25 18:49:45,2025-11-25 22:16:45,58.122499999999995,charcoal,10425,207.0,345,1,2025-11-25
167,84,2025-11-25 19:03:38,2025-11-25 20:28:38,41.69953488372093,charcoal,536,85.0,473,1,2025-11-25
204,97,2025-11-25 19:40:12,2025-11-25 23:59:12,70.79230769230769,charcoal,10311,259.0,568,1,2025-11-25
43,18,2025-11-25 19:57:33,2025-11-25 21:22:33,50.372093023255815,charcoal,10510,85.0,29,1,2025-11-25
118,54,2025-11-25 20:03:45,2025-11-25 20:44:45,55.65857142857143,charcoal,10425,41.0,330,1,2025-11-25
229,110,2025-11-25 20:17:41,2025-11-25 21:44:41,87.6359090909091,charcoal,10332,87.0,748,1,2025-11-25
48,24,2025-11-25 20:50:55,2025-11-25 21:17:55,42.62214285714286,charcoal,482,27.0,84,1,2025-11-25
45,20,2025-11-25 20:57:43,2025-11-25 22:54:43,47.251525423728815,charcoal,10341,117.0,40,1,2025-11-25
48,24,2025-11-25 21:54:55,2025-11-25 23:43:55,42.64763636363636,charcoal,482,109.0,85,1,2025-11-25
204,97,2025-11-26 05:30:12,2025-11-26 08:43:12,63.55556701030928,charcoal,10311,193.0,569,0,2025-11-26
119,54,2025-11-26 06:07:45,2025-11-26 11:06:45,67.79133333333334,charcoal,10425,299.0,346,1,2025-11-26
171,86,2025-11-26 06:26:49,2025-11-26 11:19:49,62.21251700680272,charcoal,334,293.0,490,0,2025-11-26
167,84,2025-11-26 07:47:38,2025-11-26 09:14:38,40.50545454545455,charcoal,536,87.0,474,1,2025-11-26
235,118,2025-11-26 08:40:12,2025-11-26 13:51:12,56.39576923076923,charcoal,10394,311.0,786,0,2025-11-26
167,84,2025-11-26 09:39:38,2025-11-26 10:06:38,40.32142857142857,charcoal,536,27.0,475,0,2025-11-26
43,18,2025-11-26 10:13:33,2025-11-26 12:18:33,51.182698412698414,charcoal,10510,125.0,30,1,2025-11-26
74,35,2025-11-26 10:17:54,2025-11-26 22:14:54,64.4224512534819,charcoal,10338,717.0,209,1,2025-11-26
65,29,2025-11-26 10:31:32,2025-11-26 11:32:32,91.80483870967741,charcoal,425,61.0,127,1,2025-11-26
236,119,2025-11-26 10:42:42,2025-11-26 13:13:42,46.077236842105265,charcoal,10536,151.0,805,1,2025-11-26
167,84,2025-11-26 10:49:38,2025-11-26 17:52:38,47.57316037735849,charcoal,536,423.0,476,1,2025-11-26
3,3,2025-11-26 11:04:59,2025-11-26 15:05:59,69.99776859504132,charcoal,365,241.0,9,0,2025-11-26
140,68,2025-11-26 11:09:57,2025-11-26 11:16:57,40.8475,charcoal,10456,7.0,362,0,2025-11-26
119,54,2025-11-26 11:29:45,2025-11-26 15:00:45,59.14283018867925,charcoal,10425,211.0,347,1,2025-11-26
140,68,2025-11-26 11:31:57,2025-11-26 11:42:57,41.108333333333334,charcoal,10456,11.0,363,0,2025-11-26
171,86,2025-11-26 11:40:49,2025-11-26 11:49:49,40.882,charcoal,334,9.0,491,0,2025-11-26
140,68,2025-11-26 11:47:57,2025-11-26 11:50:57,40.26,charcoal,10456,3.0,364,1,2025-11-26
68,32,2025-11-26 11:55:13,2025-11-26 15:00:13,47.506021505376346,charcoal,10378,185.0,141,1,2025-11-26
171,86,2025-11-26 12:04:49,2025-11-26 15:55:49,68.82379310344828,charcoal,334,231.0,492,0,2025-11-26
239,121,2025-11-26 12:07:26,2025-11-26 15:00:26,49.595747126436784,charcoal,10334,173.0,837,0,2025-11-26
52,26,2025-11-26 12:07:48,2025-11-26 12:48:48,41.72666666666667,pellet,476,41.0,96,0,2025-11-26
242,124,2025-11-26 12:53:40,2025-11-26 14:26:40,55.028510638297874,charcoal,10419,93.0,872,0,2025-11-26
141,68,2025-11-26 13:17:57,2025-11-26 17:38:57,68.67297709923665,charcoal,10456,261.0,373,1,2025-11-26
236,119,2025-11-26 13:18:42,2025-11-26 15:47:42,68.41693333333333,charcoal,10536,149.0,806,0,2025-11-26
235,118,2025-11-26 13:58:12,2025-11-26 14:15:12,41.06333333333333,charcoal,10394,17.0,787,0,2025-11-26
242,124,2025-11-26 14:29:40,2025-11-26 14:40:40,40.550000000000004,charcoal,10419,11.0,873,1,2025-11-26
140,68,2025-11-26 14:53:57,2025-11-26 18:36:57,74.39678571428571,charcoal,10456,223.0,365,1,2025-11-26
68,32,2025-11-26 15:11:13,2025-11-26 15:44:13,40.71470588235294,charcoal,10378,33.0,142,0,2025-11-26
48,24,2025-11-26 15:38:55,2025-11-26 17:07:55,41.39177777777778,charcoal,482,89.0,86,0,2025-11-26
204,97,2025-11-26 15:56:12,2025-11-27 01:09:12,64.24064981949458,charcoal,10311,553.0,570,1,2025-11-26
235,118,2025-11-26 16:16:12,2025-11-26 16:31:12,41.60375,charcoal,10394,15.0,788,0,2025-11-26
235,118,2025-11-26 16:48:12,2025-11-27 04:23:12,61.48244252873563,charcoal,10394,695.0,789,0,2025-11-26
68,32,2025-11-26 17:29:13,2025-11-26 21:02:13,53.54233644859813,charcoal,10378,213.0,143,1,2025-11-26
3,3,2025-11-26 17:56:59,2025-11-26 21:55:59,63.505916666666664,charcoal,365,239.0,10,1,2025-11-26
167,84,2025-11-26 18:13:38,2025-11-26 18:14:38,40.05,charcoal,536,1.0,477,0,2025-11-26
140,68,2025-11-26 18:47:57,2025-11-26 19:14:57,43.598571428571425,charcoal,10456,27.0,366,0,2025-11-26
43,18,2025-11-26 19:09:33,2025-11-26 21:50:33,55.97592592592593,charcoal,10510,161.0,31,0,2025-11-26
167,84,2025-11-26 19:15:38,2025-11-26 23:36:38,41.60206106870229,charcoal,536,261.0,478,1,2025-11-26
140,68,2025-11-26 19:17:57,2025-11-26 19:20:57,44.355000000000004,charcoal,10456,3.0,367,0,2025-11-26
239,121,2025-11-26 19:29:26,2025-11-26 21:22:26,47.45070175438597,charcoal,10334,113.0,838,1,2025-11-26
236,119,2025-11-26 19:44:42,2025-11-26 20:59:42,61.73947368421052,charcoal,10536,75.0,807,1,2025-11-26
45,20,2025-11-26 19:45:43,2025-11-26 21:22:43,47.69857142857143,charcoal,10341,97.0,41,1,2025-11-26
141,68,2025-11-26 19:49:57,2025-11-26 21:32:57,65.04692307692308,charcoal,10456,103.0,374,0,2025-11-26
171,86,2025-11-26 20:06:49,2025-11-26 23:51:49,57.351061946902654,charcoal,334,225.0,493,1,2025-11-26
229,110,2025-11-26 20:13:41,2025-11-26 21:58:41,92.93924528301886,charcoal,10332,105.0,749,1,2025-11-26
48,24,2025-11-26 21:22:55,2025-11-26 23:09:55,42.8787037037037,charcoal,482,107.0,87,1,2025-11-26
45,20,2025-11-26 21:29:43,2025-11-26 21:34:43,40.233333333333334,charcoal,10341,5.0,42,1,2025-11-26
235,118,2025-11-27 04:30:12,2025-11-27 04:35:12,40.056666666666665,charcoal,10394,5.0,790,1,2025-11-27
204,97,2025-11-27 05:40:12,2025-11-27 10:43:12,61.41526315789474,charcoal,10311,303.0,571,0,2025-11-27
239,121,2025-11-27 06:27:26,2025-11-27 08:02:26,47.908125000000005,charcoal,10334,95.0,839,1,2025-11-27
68,32,2025-11-27 06:49:13,2025-11-27 10:20:13,55.62481132075472,charcoal,10378,211.0,144,1,2025-11-27
172,87,2025-11-27 07:10:49,2025-11-27 07:39:49,44.467333333333336,pellet,334,29.0,497,1,2025-11-27
171,86,2025-11-27 08:20:49,2025-11-27 16:17:49,62.7618410041841,charcoal,334,477.0,494,1,2025-11-27
235,118,2025-11-27 08:34:12,2025-11-27 10:07:12,51.263829787234044,charcoal,10394,93.0,791,0,2025-11-27
141,68,2025-11-27 09:11:57,2025-11-27 12:06:57,45.87738636363636,charcoal,10456,175.0,375,1,2025-11-27
74,35,2025-11-27 09:27:54,2025-11-27 17:24:54,60.304728033472806,charcoal,10338,477.0,210,0,2025-11-27
43,18,2025-11-27 09:33:33,2025-11-27 10:14:33,42.43333333333334,charcoal,10510,41.0,32,1,2025-11-27
140,68,2025-11-27 09:43:57,2025-11-27 09:48:57,40.72,charcoal,10456,5.0,368,1,2025-11-27
235,118,2025-11-27 10:22:12,2025-11-27 11:09:12,46.66958333333333,charcoal,10394,47.0,792,0,2025-11-27
236,119,2025-11-27 10:52:42,2025-11-27 12:51:42,50.66883333333333,charcoal,10536,119.0,808,0,2025-11-27
235,118,2025-11-27 11:22:12,2025-11-27 13:21:12,48.9475,charcoal,10394,119.0,793,0,2025-11-27
45,20,2025-11-27 11:29:43,2025-11-27 14:54:43,50.85087378640777,charcoal,10341,205.0,43,1,2025-11-27
68,32,2025-11-27 11:35:13,2025-11-27 17:02:13,53.853658536585364,charcoal,10378,327.0,145,0,2025-11-27
170,85,2025-11-27 11:51:38,2025-11-27 15:02:38,48.17958333333333,pellet,536,191.0,481,0,2025-11-27
239,121,2025-11-27 12:07:26,2025-11-27 14:08:26,47.90426229508196,charcoal,10334,121.0,840,0,2025-11-27
236,119,2025-11-27 12:54:42,2025-11-27 13:21:42,43.044285714285714,charcoal,10536,27.0,809,1,2025-11-27
235,118,2025-11-27 13:26:12,2025-11-27 14:55:12,43.83288888888889,charcoal,10394,89.0,794,1,2025-11-27
236,119,2025-11-27 13:26:42,2025-11-27 13:27:42,40.35,charcoal,10536,1.0,810,1,2025-11-27
236,119,2025-11-27 13:34:42,2025-11-27 14:13:42,45.5805,charcoal,10536,39.0,811,1,2025-11-27
141,68,2025-11-27 14:29:57,2025-11-27 19:26:57,53.2548322147651,charcoal,10456,297.0,376,0,2025-11-27
48,24,2025-11-27 15:10:55,2025-11-27 16:07:55,42.17344827586207,charcoal,482,57.0,88,1,2025-11-27
204,97,2025-11-27 16:00:12,2025-11-27 19:09:12,62.10915789473684,charcoal,10311,189.0,572,1,2025-11-27
48,24,2025-11-27 16:12:55,2025-11-27 16:45:55,40.90941176470589,charcoal,482,33.0,89,1,2025-11-27
171,86,2025-11-27 17:14:49,2025-11-27 18:57:49,49.576153846153844,charcoal,334,103.0,495,1,2025-11-27
74,35,2025-11-27 17:43:54,2025-11-27 21:56:54,73.8575590551181,charcoal,10338,253.0,211,0,2025-11-27
236,119,2025-11-27 18:00:42,2025-11-27 19:49:42,73.13581818181818,charcoal,10536,109.0,812,0,2025-11-27
3,3,2025-11-27 18:00:59,2025-11-27 21:05:59,73.66311827956989,charcoal,365,185.0,11,1,2025-11-27
45,20,2025-11-27 18:15:43,2025-11-27 21:34:43,54.3474,charcoal,10341,199.0,44,0,2025-11-27
239,121,2025-11-27 19:27:26,2025-11-27 22:20:26,48.07816091954023,charcoal,10334,173.0,841,1,2025-11-27
229,110,2025-11-27 19:53:41,2025-11-27 21:02:41,82.31514285714286,charcoal,10332,69.0,750,1,2025-11-27
204,97,2025-11-27 20:00:12,2025-11-27 23:53:12,59.26205128205128,charcoal,10311,233.0,573,1,2025-11-27
171,86,2025-11-27 20:26:49,2025-11-28 02:27:49,59.719281767955806,charcoal,334,361.0,496,0,2025-11-27
167,84,2025-11-27 20:35:38,2025-11-28 00:28:38,46.68965811965812,charcoal,536,233.0,479,0,2025-11-27
48,24,2025-11-27 21:56:55,2025-11-28 00:09:55,44.85119402985075,charcoal,482,133.0,90,0,2025-11-27
204,97,2025-11-28 06:00:12,2025-11-28 10:21:12,62.96641221374046,charcoal,10311,261.0,574,0,2025-11-28
239,121,2025-11-28 06:33:26,2025-11-28 06:54:26,40.81363636363636,charcoal,10334,21.0,842,1,2025-11-28
3,3,2025-11-28 06:46:59,2025-11-28 10:47:59,62.80388429752067,charcoal,365,241.0,12,1,2025-11-28
172,87,2025-11-28 07:18:49,2025-11-28 08:55:49,45.27183673469388,pellet,334,97.0,498,1,2025-11-28
235,118,2025-11-28 08:24:12,2025-11-28 11:31:12,53.36244680851063,charcoal,10394,187.0,795,0,2025-11-28
74,35,2025-11-28 08:27:54,2025-11-28 13:10:54,54.47007042253521,charcoal,10338,283.0,212,1,2025-11-28
140,68,2025-11-28 09:03:57,2025-11-28 10:02:57,48.843666666666664,charcoal,10456,59.0,369,1,2025-11-28
140,68,2025-11-28 10:19:57,2025-11-28 19:00:57,66.39812260536398,charcoal,10456,521.0,370,1,2025-11-28
235,118,2025-11-28 11:40:12,2025-11-28 12:09:12,40.92066666666666,charcoal,10394,29.0,796,0,2025-11-28
204,97,2025-11-28 11:54:12,2025-11-28 15:01:12,52.35808510638298,charcoal,10311,187.0,575,0,2025-11-28
172,87,2025-11-28 12:04:49,2025-11-28 12:28:49,43.4108,pellet,334,24.0,499,1,2025-11-28
141,68,2025-11-28 12:05:57,2025-11-28 12:30:57,43.44692307692307,charcoal,10456,25.0,377,1,2025-11-28
235,118,2025-11-28 12:16:12,2025-11-28 14:39:12,47.92583333333333,charcoal,10394,143.0,797,1,2025-11-28
239,121,2025-11-28 12:19:26,2025-11-28 12:44:26,50.04384615384615,charcoal,10334,25.0,843,1,2025-11-28
141,68,2025-11-28 12:37:57,2025-11-28 16:04:57,52.56317307692307,charcoal,10456,207.0,378,1,2025-11-28
236,119,2025-11-28 14:08:42,2025-11-28 14:13:42,41.623333333333335,charcoal,10536,5.0,813,0,2025-11-28
236,119,2025-11-28 14:18:42,2025-11-28 18:07:42,64.65452173913044,charcoal,10536,229.0,814,1,2025-11-28
235,118,2025-11-28 15:10:12,2025-11-28 15:13:12,40.295,charcoal,10394,3.0,798,1,2025-11-28
204,97,2025-11-28 15:16:12,2025-11-28 15:17:12,40.29,charcoal,10311,1.0,576,1,2025-11-28
204,97,2025-11-28 15:32:12,2025-11-28 19:15:12,69.88276785714285,charcoal,10311,223.0,577,1,2025-11-28
236,119,2025-11-28 18:16:42,2025-11-28 18:21:42,40.33,charcoal,10536,5.0,815,0,2025-11-28
235,118,2025-11-28 18:44:12,2025-11-28 20:53:12,44.88892307692308,charcoal,10394,129.0,799,0,2025-11-28
236,119,2025-11-28 19:02:42,2025-11-28 21:57:42,83.4718181818182,charcoal,10536,175.0,816,0,2025-11-28
204,97,2025-11-28 19:30:12,2025-11-28 22:39:12,59.41726315789474,charcoal,10311,189.0,578,0,2025-11-28
141,68,2025-11-28 19:55:57,2025-11-28 23:06:57,62.39625,charcoal,10456,191.0,379,0,2025-11-28
204,97,2025-11-29 06:10:12,2025-11-29 10:13:12,57.99950819672131,charcoal,10311,243.0,579,0,2025-11-29
236,119,2025-11-29 07:04:42,2025-11-29 09:39:42,67.41589743589745,charcoal,10536,155.0,817,0,2025-11-29
235,118,2025-11-29 09:04:12,2025-11-29 10:27:12,45.38095238095238,charcoal,10394,83.0,800,1,2025-11-29
140,68,2025-11-29 09:49:57,2025-11-29 10:24:57,47.20777777777778,charcoal,10456,35.0,371,1,2025-11-29
183,91,2025-11-29 10:08:52,2025-11-29 10:41:52,42.12294117647059,charcoal,333,33.0,501,1,2025-11-29
204,97,2025-11-29 10:20:12,2025-11-29 10:23:12,40.08,charcoal,10311,3.0,580,1,2025-11-29
140,68,2025-11-29 10:47:57,2025-11-29 11:32:57,78.58260869565218,charcoal,10456,45.0,372,1,2025-11-29
183,91,2025-11-29 10:56:52,2025-11-29 23:23:52,71.25540106951871,charcoal,333,747.0,502,0,2025-11-29
183,91,2025-11-30 05:32:52,2025-11-30 16:43:52,68.95449404761905,charcoal,333,671.0,503,1,2025-11-30
183,91,2025-12-01 08:02:52,2025-12-01 16:05:52,82.18210743801653,charcoal,333,483.0,504,0,2025-12-01
184,91,2025-12-01 10:50:52,2025-12-01 11:35:52,66.89652173913043,charcoal,333,45.0,511,0,2025-12-01
183,91,2025-12-01 16:16:52,2025-12-01 22:39:52,72.93953125,charcoal,333,383.0,505,0,2025-12-01
178,91,2025-12-02 07:18:52,2025-12-02 12:27:52,69.37735483870968,charcoal,333,309.0,500,1,2025-12-02
183,91,2025-12-02 11:00:52,2025-12-02 22:17:52,67.47982300884955,charcoal,333,677.0,506,0,2025-12-02
183,91,2025-12-03 06:34:52,2025-12-03 09:35:52,66.85538461538462,charcoal,333,181.0,507,0,2025-12-03
184,91,2025-12-03 07:08:52,2025-12-03 10:17:52,66.94,charcoal,333,189.0,512,1,2025-12-03
183,91,2025-12-03 10:20:52,2025-12-03 16:09:52,73.58468571428571,charcoal,333,349.0,508,1,2025-12-03
183,91,2025-12-03 17:02:52,2025-12-03 21:29:52,61.193582089552244,charcoal,333,267.0,509,0,2025-12-03
183,91,2025-12-04 09:04:52,2025-12-04 14:19:52,82.87253164556962,charcoal,333,315.0,510,1,2025-12-04
